Species,Region,Early,Late
Calopteryx amata (Superb Jewelwing),Statewide,20-May,15-Jun
,Blue Ridge,20-May,15-Jun
,,,
Calopteryx angustipennis (Appalachian Jewelwing),Statewide,17-Apr,30-Jun
,Blue Ridge,19-Apr,25-Jun
,Ridge+Valley/CumP,17-Apr,27-Jun
,Piedmont,,
,,,
Calopteryx dimidiata (Sparkling Jewelwing),Statewide,13-Apr,15-Oct
,Blue Ridge,9-Jun,2-Sep
,Ridge+Valley/CumP,27-May,23-Jun
,Piedmont,13-Jun,31-Jul
,Coastal Plain,13-Apr,28-Sep
,,,
Calopteryx maculata (Ebony Jewelwing)  ,Statewide,25-Mar,22-Oct
,Blue Ridge,13-May,24-Sep
,Ridge+Valley/CumP,29-Apr,27-Sep
,Piedmont,21-Apr,29-Sep
,Coastal Plain,25-Mar,12-Oct
,,,
Hetaerina americana (American Rubyspot)  ,Statewide,13-Apr,11-Nov
,Blue Ridge,10-May,2-Oct
,Ridge+Valley/CumP,3-May,24-Oct
,Piedmont,13-Apr,11-Nov
,Coastal Plain,21-Apr,30-Jun
,,,
Hetaerina titia (Smoky Rubyspot) ,Statewide,10-May,16-Nov
,Blue Ridge,,
,Ridge+Valley/CumP,21-Aug,5-Oct
,Piedmont,26-Jun,2-Oct
,Coastal Plain,10-May,4-Nov
,,,
Archilestes grandis (Great Spreadwing)  ,Statewide,30-Aug,25-Sep
,Blue Ridge,15-Jul,25-Sep
,Ridge+Valley/CumP,,
,Piedmont,,
,,,
Lestes australis (Southern Spreadwing) ,Statewide,24-Feb,20-Nov
,Blue Ridge,,
,Ridge+Valley/CumP,26-Mar,21-Oct
,Piedmont,24-Feb,30-Oct
,Coastal Plain,29-Mar,20-Nov
,,,
Lestes congener (Spotted Spreadwing)  ,Statewide,7-Sep,14-Oct
,Ridge+Valley/CumP,7-Sep,14-Oct
,,,
Lestes eurinus (Amber-winged Spreadwing)  ,Statewide,23-May,23-May
,Ridge+Valley/CumP,23-May,23-May
,,,
Lestes forcipatus (Sweetflag Spreadwing)  ,Statewide,29-Apr,7-Sep
,Ridge+Valley/CumP,29-Apr,7-Sep
,Piedmont,,
,,,
Lestes inaequalis (Elegant Spreadwing)  ,Statewide,11-Apr,2-Sep
,Blue Ridge,,
,Ridge+Valley/CumP,19-May,1-Jul
,Piedmont,31-Jul,31-Jul
,Coastal Plain,27-Apr,2-Sep
,,,
Lestes rectangularis (Slender Spreadwing)  ,Statewide,20-Apr,16-Oct
,Blue Ridge,25-May,11-Oct
,Ridge+Valley/CumP,12-Apr,16-Oct
,Piedmont,6-May,16-Aug
,Coastal Plain,26-May,2-Sep
,,,
Lestes vidua (Carolina Spreadwing) ,Statewide,1-Feb,20-Nov
,Piedmont,8-Mar,
,Coastal Plain,1-Feb,20-Nov
,,,
Lestes vigilax (Swamp Spreadwing)  ,Statewide,4-Apr,17-Nov
,Blue Ridge,21-Jun,29-Sep
,Ridge+Valley/CumP,4-May,24-Oct
,Piedmont,8-Apr,11-Nov
,Coastal Plain,4-Apr,17-Nov
,,,
Amphiagrion saucium (Eastern Red Damsel),Statewide,13-Apr,27-Jun
,Blue Ridge,27-Apr,27-Jun
,Ridge+Valley/CumP,20-Apr,23-Jun
,Piedmont,2-May,2-May
,Coastal Plain,13-Apr,13-Apr
,,,
Argia apicalis (Blue-fronted Dancer)  ,Statewide,4-Apr,1-Nov
,Blue Ridge,13-Jun,31-Aug
,Ridge+Valley/CumP,22-Apr,2-Oct
,Piedmont,27-Apr,1-Nov
,Coastal Plain,4-Apr,8-Oct
,,,
Argia bipunctulata (Seepage Dancer)  ,Statewide,27-Apr,8-Oct
,Blue Ridge,27-Apr,14-Sep
,Ridge+Valley/CumP,,
,Piedmont,13-Jun,13-Aug
,Coastal Plain,17-May,8-Oct
,,,
Argia fumipennis (Variable Dancer)  ,Statewide,19-Mar,4-Nov
,Blue Ridge,11-May,12-Oct
,Ridge+Valley/CumP,19-Apr,27-Oct
,Piedmont,6-May,29-Sep
,Coastal Plain,19-Mar,4-Nov
,,,
Argia moesta (Powdered Dancer)  ,Statewide,1-Apr,9-Nov
,Blue Ridge,7-May,25-Sep
,Ridge+Valley/CumP,17-Apr,24-Sep
,Piedmont,19-Apr,2-Oct
,Coastal Plain,1-Apr,9-Nov
,,,
Argia sedula (Blue-ringed Dancer)  ,Statewide,13-Apr,20-Nov
,Blue Ridge,7-May,18-Jul
,Ridge+Valley/CumP,25-Apr,26-Oct
,Piedmont,13-Apr,1-Nov
,Coastal Plain,18-Apr,20-Nov
,,,
Argia tibialis (Blue-tipped Dancer)  ,Statewide,26-Mar,14-Oct
,Blue Ridge,25-May,23-Jul
,Ridge+Valley/CumP,21-Apr,30-Sep
,Piedmont,20-Apr,26-Sep
,Coastal Plain,26-Mar,14-Oct
,,,
Argia translata (Dusky Dancer)  ,Statewide,3-Jun,10-Nov
,Blue Ridge,24-Jun,14-Sep
,Ridge+Valley/CumP,3-Jun,2-Oct
,Piedmont,23-Jun,6-Nov
,Coastal Plain,13-Jun,17-Sep
,,,
Chromagrion conditum (Aurora Damsel) ,Statewide,28-Apr,30-Jun
,Blue Ridge,8-May,30-Jun
,Ridge+Valley/CumP,22-Apr,24-May
,Piedmont,2-May,
,,,
Enallagma aspersum (Azure Bluet)  ,Statewide,9-Apr,20-Oct
,Blue Ridge,19-Apr,21-Aug
,Ridge+Valley/CumP,15-Apr,20-Oct
,Piedmont,9-Apr,13-Jun
,,,
Enallagma basidens (Double-striped Bluet)  ,Statewide,8-Apr,23-Oct
,Blue Ridge,9-Jun,29-Sep
,Ridge+Valley/CumP,8-Apr,19-Oct
,Piedmont,11-Apr,26-Sep
,Coastal Plain,2-May,23-Oct
,,,
Enallagma cardenium (Purple Bluet)  ,Statewide,25-Mar,20-Nov
,Coastal Plain,25-Mar,20-Nov
,,,
Enallagma civile (Familiar Bluet)  ,Statewide,9-Mar,7-Dec
,Blue Ridge,7-May,2-Oct
,Ridge+Valley/CumP,9-Apr,29-Nov
,Piedmont,4-Apr,26-Nov
,Coastal Plain,27-Mar,29-Oct
,,,
Enallagma concisum (Cherry Bluet)  ,Statewide,13-Mar,6-Nov
,Piedmont,,
,Coastal Plain,13-Mar,6-Nov
,,,
Enallagma daeckii (Attenuated Bluet)  ,Statewide,19-Apr,26-Jun
,Blue Ridge,29-May,26-Jun
,Ridge+Valley/CumP,,
,Piedmont,,
,Coastal Plain,19-Apr,16-Jun
,,,
Enallagma davisi (Sandhill Bluet) ,Statewide,14-Mar,12-May
,Piedmont,,
,,9-Apr,9-Apr
,Coastal Plain,14-Mar,12-May
,,,
Enallagma divagans (Turquoise Bluet)  ,Statewide,18-Mar,18-Sep
,Blue Ridge,7-May,18-Sep
,Ridge+Valley/CumP,19-Apr,23-Jun
,Piedmont,8-May,10-Jul
,Coastal Plain,18-Mar,15-May
,,,
Enallagma doubledayi (Atlantic Bluet)  ,Statewide,6-Mar,25-Nov
,Blue Ridge,,
,Ridge+Valley/CumP,22-Apr,27-Aug
,Piedmont,,
,Coastal Plain,6-Mar,25-Nov
,,,
Enallagma dubium (Burgundy Bluet)  ,Statewide,13-Mar,28-Sep
,Ridge+Valley/CumP,23-May,23-May
,Piedmont,,
,Coastal Plain,13-Mar,28-Sep
,,,
Enallagma durum (Big Bluet),Statewide,21-Jul,21-Nov
,Piedmont,21-Oct,20-Nov
,Ridge+Valley/CumP,21-Jul,21-Nov
,,,
Enallagma exsulans (Stream Bluet)  ,Statewide,9-Apr,20-Sep
,Blue Ridge,1-Jun,14-Jun
,Ridge+Valley/CumP,22-Apr,20-Sep
,Piedmont,9-Apr,11-Sep
,Coastal Plain,21-Apr,
,,,
Enallagma geminatum (Skimming Bluet)  ,Statewide,17-Mar,25-Nov
,Blue Ridge,19-Apr,23-Oct
,Ridge+Valley/CumP,11-Apr,4-Nov
,Piedmont,16-Apr,24-Aug
,Coastal Plain,17-Mar,25-Nov
,,,
Enallagma pallidum (Pale Bluet)  ,Statewide,18-Apr,30-Aug
,Coastal Plain,18-Apr,30-Aug
,,,
Enallagma signatum (Orange Bluet) ,Statewide,13-Mar,25-Nov
,Blue Ridge,23-Apr,29-Sep
,Ridge+Valley/CumP,8-Apr,4-Nov
,Piedmont,10-Apr,1-Nov
,Coastal Plain,13-Mar,25-Nov
,,,
Enallagma traviatum (Slender Bluet)  ,Statewide,1-May,24-Jul
,Blue Ridge,7-Jun,24-Jul
,Ridge+Valley/CumP,7-May,15-Jul
,Piedmont,6-May,5-Jul
,Coastal Plain,12-May,12-May
,,,
Enallagma vesperum (Vesper Bluet) ,Statewide,29-Mar,9-Nov
,Blue Ridge,,
,Ridge+Valley/CumP,25-May,25-May
,Piedmont,,
,Coastal Plain,29-Mar,9-Nov
,,,
Enallagma weewa (Blackwater Bluet)  ,Statewide,12-May,4-Nov
,Piedmont,28-Jul,23-Sep
,Coastal Plain,12-May,4-Nov
,,,
Ischnura hastata (Citrine Forktail)  ,Statewide,9-Feb,31-Dec
,Blue Ridge,17-Apr,27-Sep
,Ridge+Valley/CumP,23-Feb,25-Nov
,Piedmont,12-Mar,16-Dec
,Coastal Plain,9-Feb,20-Nov
,,,
Ischnura kellicotti (Lilypad Forktail)  ,Statewide,2-Mar,4-Nov
,Ridge+Valley/CumP,3-May,17-May
,Piedmont,17-Jul,8-Aug
,Coastal Plain,2-Mar,4-Nov
,,,
Ischnura posita (Fragile Forktail)  ,Statewide,22-Jan,31-Dec
,Blue Ridge,8-Apr,11-Oct
,Ridge+Valley/CumP,23-Feb,15-Nov
,Piedmont,22-Mar,4-Nov
,Coastal Plain,22-Jan,20-Nov
,,,
Ischnura prognata (Furtive Forktail) ,Statewide,3-Mar,5-Jul
,Ridge+Valley/CumP,6-May,16-May
,Piedmont,,
,Coastal Plain,4-Apr,5-Jul
,,,
Ischnura ramburii (Ramburs Forktail)  ,Statewide,6-Feb,22-Dec
,Blue Ridge,8-Apr,6-Jun
,Ridge+Valley/CumP,5-May,11-Nov
,Piedmont,8-May,6-Nov
,Coastal Plain,6-Mar,22-Dec
,,,
Ischnura verticalis (Eastern Forktail)  ,Statewide,17-Apr,11-Oct
,Blue Ridge,17-Apr,Jan-00
,Ridge+Valley/CumP,12-May,29-Aug
,Piedmont,,
,,,
Nehalennia gracilis (Sphagnum Sprite)  ,Statewide,8-May,21-Jul
,Blue Ridge,29-May,21-Jul
,Coastal Plain,8-May,8-May
,,,
Nehalennia integricollis (Southern Sprite)  ,Statewide,5-Apr,28-Sep
,Blue Ridge,24-Jun,4-Jul
,Ridge+Valley/CumP,16-May,23-Jun
,Piedmont,,
,Coastal Plain,5-Apr,28-Sep
,,,
Telebasis byersi (Duckweed Firetail)  ,Statewide,18-May,9-Sep
,Ridge+Valley/CumP,29-Jun,29-Jun
,Coastal Plain,18-May,9-Sep
,,,
DRAGONFLIES - ANISOPTERA,,,
,,,
Tachopteryx thoreyi (Gray Petaltail) ,Statewide,5-Apr,18-Jul
,Blue Ridge,6-May,18-Jul
,Ridge+Valley/CumP,2-May,9-Jul
,Piedmont,9-May,20-Jun
,Coastal Plain,5-Apr,5-Jul
,,,
Aeshna umbrosa (Shadow Darner)  ,Statewide,3-Aug,27-Dec
,Blue Ridge,3-Aug,20-Oct
,Ridge+Valley/CumP,21-Aug,29-Aug
,Piedmont,12-Aug,27-Dec
,,,
Anax junius (Common Green Darner)  ,Statewide,28-Jan,31-Dec
,Blue Ridge,17-Apr,26-Oct
,Ridge+Valley/CumP,21-Feb,3-Nov
,Piedmont,12-Mar,6-Dec
,Coastal Plain,6-Mar,31-Dec
,,,
Anax longipes (Comet Darner),Statewide,21-Mar,15-Oct
,Blue Ridge,28-May,31-Aug
,Ridge+Valley/CumP,22-Apr,2-Sep
,Piedmont,28-Apr,30-Aug
,Coastal Plain,21-Mar,22-Oct
,,,
Basiaeschna janata (Springtime Darner)  ,Statewide,20-Mar,25-May
,Blue Ridge,16-Apr,23-May
,Ridge+Valley/CumP,21-Mar,11-May
,Piedmont,20-Mar,16-Apr
,Coastal Plain,28-Mar,20-Apr
,,,
Boyeria grafiana (Ocellated Darner) ,Statewide,27-May,25-Sep
,Blue Ridge,27-May,25-Sep
,Ridge+Valley/CumP,,
,,,
Boyeria vinosa (Fawn Darner)  ,Statewide,3-Jun,23-Nov
,Blue Ridge,19-Jun,1-Oct
,Ridge+Valley/CumP,3-Jul,16-Nov
,Piedmont,12-Aug,23-Nov
,Coastal Plain,3-Jun,3-Jul
,,,
Coryphaeschna ingens (Regal Darner)  ,Statewide,6-Apr,23-Sep
,Ridge+Valley/CumP,,
,Piedmont,,
,Coastal Plain,28-Apr,23-Sep
,,,
Epiaeschna heros (Swamp Darner)  ,Statewide,2-Mar,2-Nov
,Blue Ridge,8-May,26-Jul
,Ridge+Valley/CumP,4-Apr,22-Oct
,Piedmont,10-Mar,31-Jul
,Coastal Plain,2-Mar,13-Oct
,,,
Gomphaeschna antilope (Taper-tailed Darner)  ,Statewide,21-Mar,16-Jun
,Piedmont,27-Apr,27-Apr
,Coastal Plain,21-Mar,21-Mar
,,,
Gomphaeschna furcillata (Harlequin Darner)  ,Statewide,12-Mar,18-May
,Blue Ridge,,
,Ridge+Valley/CumP,9-Apr,18-May
,Piedmont,,
,Coastal Plain,17-Mar,13-Apr
,,15-Mar,15-Mar
,,,
Gynacantha nervosa (Twilight Darner)  ,Statewide,19-Sep,26-Dec
,Coastal Plain,19-Sep,26-Dec
,,,
Nasiaeschna pentacantha (Cyrano Darner)  ,Statewide,30-Mar,14-Aug
,Blue Ridge,,
,Ridge+Valley/CumP,27-Jul,31-Jul
,Piedmont,21-May,21-May
,Coastal Plain,30-Mar,14-Aug
,,,
Triacanthagyna trifida (Phantom Darner) ,Statewide,2-Sep,15-Dec
,Coastal Plain,2-Sep,15-Dec
,,,
Aphylla williamsoni (Two-striped Forceptail)  ,Statewide,20-Jun,8-Oct
,Ridge+Valley/CumP,3-Jul,3-Sep
,Piedmont,18-Jul,20-Sep
,Coastal Plain,20-Jun,17-Sep
,,,
Arigomphus pallidus (Gray-green Clubtail) ,Statewide,1-Apr,24-Jul
,Coastal Plain,1-Apr,24-Jul
,,,
Arigomphus villosipes (Unicorn Clubtail)  ,Statewide,23-May,4-Jul
,Blue Ridge,,
,Ridge+Valley/CumP,23-May,4-Jul
,,,
Dromogomphus armatus (Southeastern Spinylegs)  ,Statewide,25-Jun,19-Aug
,Piedmont,,
,Coastal Plain,25-Jun,16-Aug
,,,
Dromogomphus spinosus (Black-shouldered Spinyleg)  ,Statewide,8-May,30-Sep
,Blue Ridge,13-Jun,31-Aug
,Ridge+Valley/CumP,23-May,30-Sep
,Piedmont,8-May,24-Sep
,Coastal Plain,27-May,19-Sep
,,,
Dromogomphus spoliatus (Flag-tailed Spinyleg)  ,Statewide,24-May,1-Oct
,Ridge+Valley/CumP,24-May,1-Oct
,,,
Erpetogomphus designatus (Eastern Ringtail)  ,Statewide,17-May,27-Oct
,Ridge+Valley/CumP,,
,Piedmont,17-May,11-Sep
,Coastal Plain,13-Jun,27-Oct
,,,
Gomphurus dilatatus (Blackwater Clubtail),Statewide,23-Mar,4-Aug
 ,Blue Ridge,4-Jul,9-Jul
,Ridge+Valley/CumP,20-May,20-Jul
,Piedmont,16-May,10-Jul
,Coastal Plain,23-Mar,12-Jul
,,,
Gomphurus hybridus (Cocoa Clubtail)  ,Statewide,22-Mar,21-May
,Blue Ridge,,
,Ridge+Valley/CumP,15-Apr,21-May
,Piedmont,11-Apr,12-May
,Coastal Plain,22-Mar,15-May
,,,
Gomphurus lineatifrons (Splendid Clubtail)  ,Statewide,14-May,1-Jul
,Blue Ridge,21-May,21-May
,Ridge+Valley/CumP,14-May,1-Jul
,Piedmont,22-Jun,22-Jun
,,,
Gomphurus vastus (Cobra Clubtail)  ,Statewide,11-Apr,30-Jun
,Blue Ridge,,
,Ridge+Valley/CumP,,
,Piedmont,13-Apr,13-Jun
,Coastal Plain,13-May,30-Jun
,,,
Hagenius brevistylus (Dragonhunter)  ,Statewide,8-May,28-Sep
,Blue Ridge,29-May,31-Aug
,Ridge+Valley/CumP,27-May,17-Sep
,Piedmont,8-May,14-Sep
,Coastal Plain,13-Jun,27-Aug
,,,
Hylogomphus adelphus (Mustached Clubtail)  ,Statewide,9-Jun,9-Jun
,Blue Ridge,9-Jun,9-Jun
,,,
Hylogomphus apomyius (Banner Clubtail)  ,Statewide,29-Mar,16-May
,Ridge+Valley/CumP,,
,Piedmont,16-Apr,29-Apr
,Coastal Plain,12-May,12-May
,,,
Hylogomphus geminatus (Twin-striped Clubtail)  ,Statewide,26-May,26-May
,Coastal Plain,26-May,26-May
,,,
Hylogomphus parvidens (Piedmont Clubtail)  ,Statewide,21-Apr,29-Jun
,Blue Ridge,6-May,28-Jun
,Ridge+Valley/CumP,,
,Piedmont,12-May,12-May
,Coastal Plain,21-Apr,21-Apr
,,,
Hylogomphus viridifrons (Green-faced Clubtail),Statewide,10-May,15-Jun
,Blue Ridge,10-May,15-Jun
,,,
Lanthus vernalis (Southern Pygmy Clubtail)  ,Statewide,23-Apr,31-May
,Blue Ridge,23-Apr,31-May
,,,
Ophiogomphus edmundo (Edmunds Snaketail)  ,Statewide,7-Apr,29-Jun
,Blue Ridge,7-Apr,29-Jun
,,,
Ophiogomphus howei (Pygmy Snaketail),Statewide,,
,Blue Ridge,,
,,,
Ophiogomphus incurvatus (Appalachian Snaketail)  ,Statewide,21-Apr,26-Jun
,Blue Ridge,23-May,29-May
,Ridge+Valley/CumP,,
,Piedmont,21-Apr,12-May
,,,
Ophiogomphus mainensis (Maine Snaketail) ,Statewide,23-Apr,15-Jun
,Blue Ridge,23-Apr,15-Jun
,,,
Phanogomphus australis (Clearlake Clubtail)  ,Statewide,19-Mar,30-Apr
,Piedmont,,
,Coastal Plain,19-Mar,30-Apr
,,,
Phanogomphus cavillaris (Sandhill Clubtail) ,Statewide,9-Mar,17-Apr
,Coastal Plain,9-Mar,17-Apr
,,,
Phanogomphus diminutus (Diminutive Clubtail)  ,Statewide,13-Apr,12-May
,Piedmont,,
,Coastal Plain,13-Apr,12-May
,,,
Phanogomphus exilis (Lancet Clubtail) ,Statewide,6-Mar,4-Jul
,Blue Ridge,7-Apr,2-Jul
,Ridge+Valley/CumP,26-Mar,23-Jun
,Piedmont,19-Mar,26-Jun
,Coastal Plain,6-Mar,3-Jun
,,,
Phanogomphus lividus (Ashy Clubtail)  ,Statewide,17-Mar,22-Jun
,Blue Ridge,16-Apr,22-Jun
,Ridge+Valley/CumP,1-Apr,11-Jun
,Piedmont,16-Mar,28-May
,Coastal Plain,17-Mar,18-May
,,,
Phanogomphus minutus (Cypress Clubtail)  ,Statewide,18-Mar,18-Jun
,Piedmont,9-Apr,25-May
,Coastal Plain,18-Mar,21-May
,,,
Progomphus alachuensis (Tawny Sanddragon)  ,Statewide,29-Jun,11-Oct
,Coastal Plain,29-Jun,11-Oct
,,,
Progomphus obscurus (Common Sanddragon) ,Statewide,1-Apr,11-Sep
,Blue Ridge,7-May,10-Aug
,Ridge+Valley/CumP,3-Jun,8-Jul
,Piedmont,12-May,11-Sep
,Coastal Plain,1-Apr,26-Aug
,,,
Stenogomphurus consanguis (Cherokee Clubtail)  ,Statewide,8-May,15-Sep
,Ridge+Valley/CumP,8-May,15-Sep
,,,
Stenogomphurus rogersi (Sable Clubtail)  ,Statewide,8-May,27-Jun
,Blue Ridge,8-May,27-Jun
,Ridge+Valley/CumP,,
,Piedmont,,
,,,
Stylogomphus albistylus (Eastern Least Clubtail)  ,Statewide,3-May,10-Aug
,Blue Ridge,7-May,10-Aug
,Ridge+Valley/CumP,3-May,25-Jul
,Piedmont,,
,,,
Stylurus laurae (Lauras Clubtail)  ,Statewide,7-Jun,4-Oct
,Blue Ridge,9-Aug,4-Oct
,Ridge+Valley/CumP,7-Jun,
,Piedmont,15-Aug,27-Aug
,Coastal Plain,,
,,,
Stylurus plagiatus (Russet-tipped Clubtail),Statewide,4-Jun,5-Nov
,Blue Ridge,31-Aug,31-Aug
,Ridge+Valley/CumP,4-Aug,17-Oct
,Piedmont,4-Aug,26-Sep
,Coastal Plain,4-Jun,5-Nov
,,,
Stylurus scudderi (Zebra Clubtail),Statewide,15-Sep,5-Oct
,Blue Ridge,28-Jul,5-Oct
,,,
Stylurus spiniceps (Arrow Clubtail),Blue Ridge,,
,,,
,,,
Cordulegaster bilineata (Brown Spiketail)  ,Statewide,26-Mar,8-Jul
,Blue Ridge,12-Apr,8-Jul
,Ridge+Valley/CumP,26-Mar,22-May
,Piedmont,16-Apr,10-May
,Coastal Plain,30-Mar,6-Apr
,,,
Cordulegaster erronea (Tiger Spiketail)  ,Statewide,8-Jun,6-Aug
,Blue Ridge,19-Jun,1-Aug
,Ridge+Valley/CumP,27-Jun,4-Aug
,Piedmont,,
,,,
Cordulegaster maculata (Twin-spotted Spiketail)  ,Statewide,11-Mar,27-Jun
,Blue Ridge,17-Apr,27-Jun
,Ridge+Valley/CumP,3-Apr,20-Jun
,Piedmont,8-Apr,1-May
,Coastal Plain,17-Mar,13-Apr
,,,
Cordulegaster obliqua (Arrowhead Spiketail)       ,Statewide,16-May,17-Aug
,Blue Ridge,,
,Ridge+Valley/CumP,16-May,4-Jul
,Piedmont,,
,Coastal Plain,7-Jul,25-Jul
,,,
Cordulegaster sayi (Says Spiketail)  ,Statewide,8-Mar,23-Apr
,Coastal Plain,8-Mar,23-Apr
,,,
Didymops transversa (Stream Cruiser) ,Statewide,24-Feb,30-Jun
,Blue Ridge,17-Apr,15-Jun
,Ridge+Valley/CumP,15-Mar,2-Jun
,Piedmont,24-Feb,29-Apr
,Coastal Plain,13-Mar,28-Jun
,,,
Macromia alleghaniensis (Allegheny River Cruiser) ,Statewide,15-Jun,30-Jun
,Blue Ridge,,
,Ridge+Valley/CumP,,
,,,
Macromia illinoiensis (Georgia River Cruiser) ,Statewide,11-May,19-Oct
,Blue Ridge,,
,Ridge+Valley/CumP,24-Sep,24-Sep
,Piedmont,17-Jun,13-Sep
,Coastal Plain,11-May,28-Sep
,,,
,,,
Macromia margarita (Mountain River Cruiser)  ,Statewide,31-May,29-Jun
,Blue Ridge,31-May,29-Jun
,Ridge+Valley/CumP,,
,,,
Macromia taeniolata (Royal River Cruiser) ,Statewide,10-May,21-Sep
,Blue Ridge,,
,Ridge+Valley/CumP,20-Jun,17-Sep
,Piedmont,10-Jul,9-Sep
,Coastal Plain,10-May,21-Sep
,,,
Epitheca princeps (Prince Baskettail)  ,Statewide,13-Apr,24-Sep
,Blue Ridge,6-May,24-Sep
,Ridge+Valley/CumP,16-May,6-Sep
,Piedmont,13-Apr,22-Sep
,Coastal Plain,2-May,15-Sep
,,,
Epitheca costalis (Slender Baskettail) ,Statewide,13-Mar,20-Jun
,Blue Ridge,14-May,14-May
,Ridge+Valley/CumP,7-May,20-Jun
,Piedmont,,
,Coastal Plain,13-Mar,13-Apr
,,,
Epitheca cynosura (Common Baskettail)  ,Statewide,6-Mar,4-Jul
,Blue Ridge,9-Apr,4-Jul
,Ridge+Valley/CumP,15-Mar,24-May
,Piedmont,14-Mar,21-May
,Coastal Plain,6-Mar,13-May
,,,
Epitheca semiaquea (Mantled Baskettail)  ,Statewide,13-Mar,28-Apr
,Piedmont,,
,Coastal Plain,13-Mar,28-Apr
,,,
Epitheca sepia (Sepia Baskettail)  ,Statewide,10-May,8-Jul
,Piedmont,,
,Coastal Plain,10-May,8-Jul
,,,
Helocordulia selysii (Selys Sundragon)  ,Statewide,5-Mar,1-May
,Blue Ridge,,
,Ridge+Valley/CumP,,
,Piedmont,5-Mar,16-Apr
,Coastal Plain,23-Mar,15-Apr
,,,
Helocordulia uhleri (Uhlers Sundragon)  ,Statewide,4-Apr,25-May
,Blue Ridge,23-Apr,25-May
,Ridge+Valley/CumP,21-Mar,7-May
,Piedmont,15-Apr,
,,,
Neurocordulia molesta (Smoky Shadowdragon)  ,Statewide,20-Apr,9-Jun
,Blue Ridge,,
,Ridge+Valley/CumP,22-Jun,22-Jun
,Piedmont,,
,Coastal Plain,20-Apr,4-Jun
,,,
Neurocordulia obsoleta (Umber Shadowdragon),Statewide,1-Apr,
,Ridge+Valley/CumP,,
,Coastal Plain,,
,,,
Neurocordulia virginiensis (Cinnamon Shadowdragon)  ,Statewide,23-Mar,29-Jun
,Blue Ridge,7-May,14-Jun
,Ridge+Valley/CumP,,
,Piedmont,23-Mar,31-May
,Coastal Plain,,
,,,
Somatochlora filosa (Fine-lined Emerald)  ,Statewide,29-May,5-Nov
,Piedmont,,
,Coastal Plain,29-May,5-Nov
,,,
Somatochlora linearis (Mocha Emerald) ,Statewide,11-Jun,25-Sep
,Blue Ridge,,
,Ridge+Valley/CumP,11-Jun,25-Sep
,Piedmont,,12-Aug
,Coastal Plain,28-Jun,10-Aug
,,,
Somatochlora tenebrosa (Clamp-tipped Emerald)  ,Statewide,27-May,27-Sep
,Blue Ridge,11-Jul,10-Sep
,Ridge+Valley/CumP,20-Jun,27-Sep
,Piedmont,,
,Coastal Plain,7-Jul,7-Jul
,,,
Brachymesia furcata (Red-tailed Pennant)  ,Statewide,12-Jul,16-Sep
,Ridge+Valley/CumP,21-Jul,16-Sep
,Piedmont,12-Jul,24-Jul
,,,
Brachymesia gravida (Four-spotted Pennant)  ,Statewide,22-Apr,11-Nov
,Ridge+Valley/CumP,21-Aug,2-Oct
,Piedmont,5-Jun,11-Sep
,Coastal Plain,22-Apr,11-Nov
,,,
Celithemis amanda (Amandas Pennant) ,Statewide,4-Jul,4-Oct
,Piedmont,,
,Coastal Plain,23-Jul,25-Sep
,,,
Celithemis bertha (Red-veined Pennant)  ,Statewide,22-Apr,28-Oct
,Blue Ridge,30-Aug,24-Sep
,Ridge+Valley/CumP,25-May,21-Oct
,Piedmont,3-Jun,1-Oct
,Coastal Plain,22-Apr,28-Oct
,,,
Celithemis elisa (Calico Pennant)  ,Statewide,9-Mar,21-Nov
,Blue Ridge,11-May,12-Oct
,Ridge+Valley/CumP,3-Apr,30-Oct
,Piedmont,17-Apr,26-Sep
,Coastal Plain,19-Mar,16-Nov
,,,
Celithemis eponina (Halloween Pennant)  ,Statewide,13-Mar,28-Nov
,Blue Ridge,7-Jun,12-Sep
,Ridge+Valley/CumP,16-May,15-Oct
,Piedmont,17-Jun,15-Oct
,Coastal Plain,13-Mar,28-Nov
,,,
Celithemis fasciata (Banded Pennant) ,Statewide,28-Apr,5-Nov
,Blue Ridge,26-May,12-Oct
,Ridge+Valley/CumP,16-May,7-Oct
,Piedmont,15-May,24-Sep
,Coastal Plain,28-Apr,5-Nov
,,,
Celithemis ornata (Ornate Pennant)  ,Statewide,13-Mar,5-Nov
,Blue Ridge,30-Aug,30-Aug
,Piedmont,,
,Coastal Plain,13-Mar,5-Nov
,,,
Celithemis verna (Double-ringed Pennant)  ,Statewide,21-Apr,23-Jun
,Blue Ridge,,
,Ridge+Valley/CumP,23-May,23-Jun
,Piedmont,,
,Coastal Plain,21-Apr,19-Jun
,,,
Dythemis velox (Swift Setwing)  ,Statewide,20-May,22-Oct
,Blue Ridge,9-Aug,16-Aug
,Ridge+Valley/CumP,27-May,22-Oct
,Piedmont,20-May,26-Sep
,Coastal Plain,12-Jun,4-Sep
,,,
Erythemis simplicicollis (Eastern Pondhawk)  ,Statewide,5-Mar,21-Nov
,Blue Ridge,6-May,5-Oct
,Ridge+Valley/CumP,11-Apr,31-Oct
,Piedmont,22-Apr,27-Oct
,Coastal Plain,6-Mar,6-Nov
,,,
Erythrodiplax berenice (Seaside Dragonlet) ,Statewide,10-Apr,13-Oct
,Coastal Plain,10-Apr,13-Oct
,,,
Erythrodiplax minuscula (Little Blue Dragonlet) ,Statewide,6-Mar,8-Dec
,Blue Ridge,2-Aug,25-Sep
,Ridge+Valley/CumP,22-Apr,29-Aug
,Piedmont,17-Jun,15-Sep
,Coastal Plain,6-Mar,29-Nov
,,,
Ladona deplanata (Blue Corporal)  ,Statewide,9-Feb,18-Jun
,Blue Ridge,28-Mar,10-Jun
,Ridge+Valley/CumP,6-Mar,26-May
,Piedmont,24-Feb,30-Apr
,Coastal Plain,9-Feb,14-May
,,,
Libellula auripennis (Golden-winged Skimmer) ,Statewide,22-Apr,23-Oct
,Blue Ridge,19-May,24-Jun
,Ridge+Valley/CumP,24-May,29-Aug
,Piedmont,5-May,11-Jul
,Coastal Plain,22-Apr,16-Oct
,,,
Libellula axilena (Bar-winged Skimmer)  ,Statewide,8-May,13-Aug
,Blue Ridge,10-Jun,10-Jun
,Ridge+Valley/CumP,24-May,1-Aug
,Piedmont,23-Jun,23-Jun
,Coastal Plain,8-May,8-Aug
,,,
Libellula cyanea (Spangled Skimmer)  ,Statewide,10-Apr,2-Sep
,Blue Ridge,25-May,26-Jul
,Ridge+Valley/CumP,22-Apr,2-Aug
,Piedmont,21-Apr,23-Jul
,Coastal Plain,28-Apr,19-Jun
,,,
Libellula flavida (Yellow-sided Skimmer)  ,Statewide,21-Apr,11-Oct
,Blue Ridge,27-Apr,16-Sep
,Ridge+Valley/CumP,18-May,28-Sep
,Piedmont,13-May,23-Jun
,Coastal Plain,11-May,16-Aug
,,,
Libellula incesta (Slaty Skimmer) ,Statewide,2-May,7-Nov
,Blue Ridge,9-Jun,12-Oct
,Ridge+Valley/CumP,16-May,16-Oct
,Piedmont,18-May,30-Oct
,Coastal Plain,10-May,4-Nov
,,,
Libellula luctuosa (Widow Skimmer)  ,Statewide,30-Apr,2-Nov
,Blue Ridge,9-Jun,12-Oct
,Ridge+Valley/CumP,9-May,19-Oct
,Piedmont,6-May,20-Oct
,Coastal Plain,19-May,13-Jun
,,,
Libellula needhami (Needhams Skimmer) ,Statewide,22-Mar,23-Aug
,Coastal Plain,22-Mar,23-Aug
,Inland,4-Jun,30-Jul
,,,
Libellula pulchella (Twelve-spotted Skimmer)  ,Statewide,24-Apr,22-Oct
,Blue Ridge,13-May,24-Jun
,Ridge+Valley/CumP,25-Apr,20-Oct
,Piedmont,30-May,26-Sep
,Coastal Plain,24-Apr,17-Oct
,,,
Libellula semifasciata (Painted Skimmer)  ,Statewide,9-Mar,30-Jul
,Blue Ridge,17-Apr,27-Jun
,Ridge+Valley/CumP,2-Apr,13-Jul
,Piedmont,2-Apr,23-Jul
,Coastal Plain,20-Mar,22-Jul
,,,
Libellula vibrans (Great Blue Skimmer)  ,Statewide,8-Apr,11-Oct
,Blue Ridge,28-May,25-Aug
,Ridge+Valley/CumP,6-May,25-Sep
,Piedmont,6-May,11-Oct
,Coastal Plain,8-Apr,19-Sep
,,,
Macrodiplax balteata (Marl Pennant)  ,Statewide,29-Jun,11-Oct
,Coastal Plain,29-Jun,11-Oct
,,,
Miathyria marcella (Hyacinth Glider)  ,Statewide,22-Apr,16-Nov
,Piedmont,,
,Coastal Plain,20-Jun,9-Nov
,,,
Nannothemis bella (Elfin Skimmer)  ,Statewide,21-Apr,19-May
,Piedmont,,
,Coastal Plain,21-Apr,19-May
,,,
Orthemis ferruginea (Roseate Skimmer) ,Statewide,6-Mar,31-Dec
,Ridge+Valley/CumP,1-Aug,18-Oct
,Piedmont,30-Jun,4-Nov
,Coastal Plain,6-Mar,22-Dec
,,,
Pachydiplax longipennis (Blue Dasher) ,Statewide,13-Mar,20-Nov
,Blue Ridge,17-Apr,25-Sep
,Ridge+Valley/CumP,10-Apr,20-Oct
,Piedmont,16-Apr,6-Nov
,Coastal Plain,13-Mar,20-Nov
,,,
Pantala flavescens (Wandering Glider)  ,Statewide,21-Apr,31-Dec
,Blue Ridge,2-Sep,2-Sep
,Ridge+Valley/CumP,21-Jul,5-Nov
,Piedmont,3-Jun,6-Nov
,Coastal Plain,18-Jun,31-Dec
,,,
Pantala hymenaea (Spot-winged Glider) ,Statewide,21-Apr,12-Oct
,Blue Ridge,6-May,6-May
,Ridge+Valley/CumP,24-May,21-Aug
,Piedmont,17-May,28-Jul
,Coastal Plain,11-May,12-Oct
,,,
Perithemis tenera (Eastern Amberwing)          ,Statewide,1-Apr,6-Nov
,Blue Ridge,9-Jun,27-Sep
,Ridge+Valley/CumP,25-Apr,22-Oct
,Piedmont,6-May,30-Oct
,Coastal Plain,1-Apr,6-Nov
,,,
Plathemis lydia (Common Whitetail)     ,Statewide,6-Mar,6-Nov
,Blue Ridge,8-Apr,3-Oct
,Ridge+Valley/CumP,3-Apr,20-Oct
,Piedmont,19-Mar,30-Oct
,Coastal Plain,17-Mar,6-Nov
,,,
Sympetrum ambiguum (Blue-faced Meadowhawk)  ,Statewide,23-Apr,25-Nov
,Blue Ridge,6-Jul,24-Oct
,Ridge+Valley/CumP,25-Apr,25-Nov
,Piedmont,4-May,22-Nov
,Coastal Plain,23-Apr,20-Nov
,,,
Sympetrum corruptum (Variegated Meadowhawk) ,Statewide,16-Apr,16-Dec
,Ridge+Valley/CumP,,
,Piedmont,,
,Coastal Plain,27-Oct,16-Dec
,,,
Sympetrum rubicundulum (Ruby Meadowhawk)  ,Statewide,22-Jun,25-Sep
,Blue Ridge,26-Jun,22-Sep
,Ridge+Valley/CumP,22-Jun,25-Sep
,,,
Sympetrum semicinctum (Band-winged Meadowhawk)  ,Statewide,8-May,25-Jul
,Blue Ridge,27-Jun,25-Jul
,Ridge+Valley/CumP,24-May,12-Jul
,Piedmont,8-May,6-Jun
,,,
Sympetrum vicinum (Autumn Meadowhawk) ,Statewide,16-May,17-Dec
,Blue Ridge,29-Jun,22-Nov
,Ridge+Valley/CumP,16-May,17-Dec
,Piedmont,30-May,16-Dec
,Coastal Plain,16-Aug,16-Aug
,,,
Tramea carolina (Carolina Saddlebags)  ,Statewide,21-Feb,22-Dec
,Blue Ridge,8-May,28-Aug
,Ridge+Valley/CumP,21-Feb,13-Oct
,Piedmont,11-Mar,24-Sep
,Coastal Plain,16-Mar,22-Dec
,,,
Tramea lacerata (Black Saddlebags)  ,Statewide,20-Mar,15-Nov
,Blue Ridge,16-Apr,14-Aug
,Ridge+Valley/CumP,1-Apr,13-Oct
,Piedmont,16-Apr,26-Sep
,Coastal Plain,20-Mar,5-Nov
,,,
Tramea onusta (Red Saddlebags),Statewide,20-Jun,20-Jun
,Piedmont,20-Jun,20-Jun
,Coastal Plain,,
