,,,Appling,Atkinson,Bacon,Baker,Baldwin,Banks,Barrow,Bartow,Ben Hill,Berrien,Bibb,Bleckley,Brantley,Brooks,Bryan,Bulloch,Burke,Butts,Calhoun,Camden,Candler,Carroll,Catoosa,Charlton,Chatham,Chattahoochee,Chattooga,Cherokee,Clarke,Clay,Clayton,Clinch,Cobb,Coffee,Colquitt,Columbia,Cook,Coweta,Crawford,Crisp,Dade,Dawson,Decatur,DeKalb,Dodge,Dooly,Dougherty,Douglas,Early,Echols,Effingham,Elbert,Emanuel,Evans,Fannin,Fayette,Floyd,Forsyth,Franklin,Fulton,Gilmer,Glascock,Glynn,Gordon,Grady,Greene,Gwinnett,Habersham,Hall,Hancock,Haralson,Harris,Hart,Heard,Henry,Houston,Irwin,Jackson,Jasper,Jeff Davis,Jefferson,Jenkins,Johnson,Jones,Lamar,Lanier,Laurens,Lee,Liberty,Lincoln,Long,Lowndes,Lumpkin,Macon,Madison,Marion,McDuffie,McIntosh,Meriwether,Miller,Mitchell,Monroe,Montgomery,Morgan,Murray,Muscogee,Newton,Oconee,Oglethorpe,Paulding,Peach,Pickens,Pierce,Pike,Polk,Pulaski,Putnam,Quitman,Rabun,Randolph,Richmond,Rockdale,Schley,Screven,Seminole,Spalding,Stephens,Stewart,Sumter,Talbot,Taliaferro,Tattnall,Taylor,Telfair,Terrell,Thomas,Tift,Toombs,Towns,Treutlen,Troup,Turner,Twiggs,Union,Upson,Walker,Walton,Ware,Warren,Washington,Wayne,Webster,Wheeler,White,Whitfield,Wilcox,Wilkes,Wilkinson,Worth,
Calopteryx amata,Superb Jewelwing,CALAMA,,,,,,,,,,,,,,,,,,,,,,,,,,,,,,,,,,,,,,,,,,,,,,,,,,,,,,,X,,,,,,,,,,,,,,,,,,,,,,,,,,,,,,,,,,,,,,,,,,,,,,,,,,,,,,,,,,,,,,,,,,,,,,,,,,,,,,,,,,,,,,,,,X,,,,,,,,,,,,,,,,2
Calopteryx angustipennis,Appalachian Jewelwing,CALANG,,,,,,,,X,,,,,,,,,,,,,,,,,,,X,,,,,,,,,,,,,,X,,,,,,,,,,,,,,X,,X,,,,X,,,X,,,,,,,,,,,,,,,,,,,,,,,,,,,,,,,,,,,,,,,,,X,,,,,,,,,,,,,,X,,,,,,,,,,,,,,,,,,,,,,,,,,,X,,,,,,,,,X,,,,,11
Calopteryx dimidiata,Sparkling Jewelwing,CALDIM,,,,,,,,X,,X,X,,X,,,,X,,,,,,,X,X,,X,,X,,,X,,X,X,,,,X,,,,X,,,X,,,,X,X,X,,X,,,X,,,,,,,X,,,X,,,,X,X,,,,X,,,,,X,,,,,,,X,,,,X,,,,,,,,,,,,X,X,,,,,,X,X,X,,,,,,X,X,X,X,X,X,,,,,X,,X,X,X,X,,,X,,,,,,,,,,X,X,,,X,,,X,X,,,X,,51
Calopteryx maculata,Ebony Jewelwing,CALMAC,,X,,,,,,X,,,X,,,,X,X,X,X,X,,,,X,X,,,X,X,X,,,,X,X,,X,,X,,,X,,X,,,X,X,,X,X,X,X,X,,X,,X,X,X,X,X,,X,X,,,X,X,,,X,X,,X,,X,,X,X,,X,X,,X,X,,,X,,,,X,,,X,,X,,X,,X,X,,,X,,X,X,X,X,,X,,X,X,,X,,X,,X,X,,,,,,X,X,X,X,,X,,X,,X,X,X,,,,X,X,X,X,,,,,X,X,,X,X,,X,X,,84
Hetaerina americana,American Rubyspot,HETAME,,,,,,,,X,,,X,,,,,,,,,,,X,X,,,,X,,X,,,,X,,,X,,X,,,X,,,,,,,,,,,,,,,,X,,,X,,,,X,,,,,,,,,,,,,,,,,,,,,,,X,,,,,,,,X,,,,,,,X,,,,,,X,X,X,,X,,X,X,,,,X,,X,X,,,,,,,,X,,,,,,,,,X,,,,,,X,,X,,,,,,,,,,,,,29
Hetaerina titia,Smoky Rubyspot,HETTIT,,,,,,,,,,,X,,X,,,,X,,,,,,,X,,,,,X,,,X,,,,,,X,,,,,X,,,,,,X,,,,X,,,,X,,,,X,,,X,,,X,,,,X,,,X,,X,,,,X,,,,,,,X,X,,,X,,,,,,X,,,,,,X,,,,,,,X,,,X,,,,,,,,X,X,X,,,,,,,,,X,,X,,,,,,,,,X,X,,,,,,,,,X,,,,,,,33
Archilestes grandis,Great Spreadwing,ARCGRA,,,,,,,,,,,,,,,,,,,,,,,,,,,,,X,,,,,,,,,,,,,,,X,,,,,,,,,,,,,,,,X,,,,,,,,,X,,,,,,,,,,,,,,,,,,,,,,,,,,,,,,,,,,,,,,,,,,,,,,,,,,X,,,,,,,,,,,,,,,,,,,,X,,,,,,,,,,,,,,,X,,,,,,7
Lestes australis,Southern Spreadwing,LESAUS,,,,X,X,,,,,,X,,,,,X,,,,X,,,X,,X,,,,X,,,X,,,,,X,,X,,X,,,X,,X,X,,X,X,,,,X,,,X,,,,,,X,,,,X,,,,,,,,,X,,,X,,,,,X,X,,X,,,,X,,,,,,,,,,,X,X,,X,,,,,X,X,,,X,,,,,,,,,,X,,,,,,,,X,,X,,,X,X,,,,,,,,X,,,,,,,X,,,,,,,40
Lestes congener,Spotted Spreadwing,LESCON,,,,,,,,,,,,,,,,,,,,,,,,,,,,,,,,,,,,,,,,,,,,,,,,,,,,,,,,,,,,,,,,,,,,,,,,,,,,,,,,,,,,,,,,,,,,,,,,,,,,,,,,,,,,,,,,,,,,,,,,,,,,,,,,,,,,,,,,,,,,,,,,,,X,,,,,,,,,,,,,,1
Lestes eurinus,Amber-winged Spreadwing,LESEUR,,,,,,,,,,,,,,,,,,,,,,,,,,,,,,,,,,,,,,,,,X,,,,,,,,,,,,,,,,,,,,,,,,,,,,,,,,,,,,,,,,,,,,,,,,,,,,,,,,,,,,,,,,,,,,,,,,,,,,,,,,,,,,,,,,,,,,,,,,,,,,,,,,,,,,,,,,,,,,,,,1
Lestes forcipatus,Sweetflag Spreadwing,LESFOR,,,,,,,,,,,,,,,,,,,,,,,,,,,,,,,,,,,,,,,,,,,,,,,,,,,,,,,,,X,,,,,,,,,,,,,,,,,,,,,,,,,,,,,,,,,,,,,,,,,,,,,,,,,,,,,,,,,,,,,,,,,X,,,,,,,,,,,,,,,,,,,,,,,,X,,,,,,,,,,,,,,3
Lestes inaequalis,Elegant Spreadwing,LESINA,,,,,,,,,,,,,,,,,,,,,,,,,,,X,,X,,,,,,,,,,,,,,,,,,,,X,,,,,,,,X,,,,,,,,,,,X,,,,,,,,,,,,,,,,,,,,,,,,X,,,,,,,,,,,,X,X,,,,,,,,,,,,,,,,X,X,,,,,,,,,,,,,,,,,,,,,,,,,,,,,X,,,,,X,,,,12
Lestes rectangularis,Slender Spreadwing,LESREC,,,,,,,,,,,X,,,,,,,,,,,X,X,,X,,,X,X,,,,,,,,,,,,X,,,X,,,,,,,,,,,,,X,,,,X,,,,,,X,,,,,,,,,,,,X,,,X,,X,,,,X,,,,,,,,,X,,,,,X,,,X,,,,,X,,,,,,,,,,,,X,,,,,,,,,,X,,,,,,X,X,,,,,,,X,,,,,X,,,X,X,,,,,27
Lestes vidua,Carolina Spreadwing,LESVID,,,,,,,,,,,X,,,,,,,,,,,,,,,,,,,,,,,,,,,,,,,,X,,,,,,X,,,,,,,,,,,,,,X,,,,X,,,,,,,,,,,,,,,,,X,,,X,,,,,,,,,,,,,,,,,,,,,,,,,,,,,,,,,,,X,,,,,,,,,,,,,,,,,,,,,,,,,,,,,,,X,,,,,,,9
Lestes vigilax,Swamp Spreadwing,LESVIG,,X,,,,,,X,,,X,,X,,,X,X,,,,X,X,X,X,,,X,,,,,,,,X,,,,,,X,X,,X,,,,,X,X,X,,X,,,,X,,,,,,X,X,,,X,X,,,,X,,,,X,,,X,,,,,X,,,X,X,,,X,,X,,,,X,,,,,X,,X,X,,,,X,,,X,,,,,,,X,,,X,,,,,,,X,,X,,X,,X,X,,,X,X,,,,,,X,,X,,,X,,,,,,,,,50
Amphiagrion saucium,Eastern Red Damsel,AMPSAU,,,,,,,,X,,,,,,,,,X,,,,,,,,,,,,,,,,,,,,,,,,,,,,,,,,,,,,,,X,,X,,,,,,,,,,,,,,,,,,,,,,,,,,,,,,,,,,,,X,,,,,,X,,,,,,X,,,,,,,,,,,,,,X,,X,X,,,,,,,,X,,,,,,,,,,,,,,X,,,,,,,,,,,,,,,,12
Argia apicalis,Blue-fronted Dancer,ARGAPI,X,,,,X,,,X,X,,X,,X,X,,X,X,,,,,X,X,X,,,X,X,X,,,,,,,X,X,X,,X,X,,X,X,,X,X,X,X,,,,X,,X,X,X,,,X,X,,,X,X,X,X,X,,,,X,,X,,X,,X,X,X,X,,,X,X,,X,X,,,X,X,,,,,X,,X,X,X,X,X,X,X,X,X,,,X,,X,X,X,X,,X,,X,,X,X,,X,,,X,,X,X,X,X,,X,,,,X,X,X,,,X,,,,X,,,X,,X,X,X,X,,X,,,87
Argia bipunctulata,Seepage Dancer,ARGBIP,,,,,,,,,,,,,,,,,X,,,,,,,,,,,,,,,,X,,,,,,X,,,,,,,,,,X,,X,,,,X,,,,,,,,,,,,,X,,,,,,,,,,,,,X,,,,,,,X,,,,,,,,,,,,,,,,,,,,,,X,,,,,,,,,,,X,X,X,,,,,,,,,,X,,,,,,,,,,,,,,,,,,,,,,,,,,,14
Argia fumipennis,Variable Dancer,ARGFUM,X,,,X,,,,X,,,X,,,,X,,X,,,,X,X,X,X,,X,X,X,X,,X,,X,X,,,,X,X,,X,X,X,X,,X,,,X,,,X,X,,X,X,X,X,X,X,X,,,X,X,,X,X,X,,X,X,,,,X,,,X,,X,X,X,X,,,X,X,,,,X,,,X,X,X,,X,,,X,,X,X,,,X,X,X,X,X,,,X,X,X,,X,,X,X,X,X,,,X,X,X,,X,X,X,X,,X,X,,X,,X,,,X,,X,X,,,X,X,,,X,X,,,X,,89
Argia moesta,Powdered Dancer,ARGMOE,X,,,,,,,X,,,X,,X,X,,X,X,X,,,,X,X,X,X,X,,X,X,,,X,X,,,,,,,,X,,X,X,,X,X,,X,X,X,,,,,,X,X,,,X,,,X,X,,X,X,X,,X,X,,X,,X,,,X,X,X,X,,X,,,,X,,,X,X,,X,X,X,X,,X,,X,X,X,,X,,X,X,X,X,X,X,X,X,X,,,X,X,X,X,X,,X,,,X,,X,X,,X,,X,X,,,,,,,,X,,X,X,X,X,,,X,,X,,X,X,,,,84
Argia sedula,Blue-ringed Dancer,ARGSED,,,,,,,,X,,X,X,,,,,X,X,X,,,,,X,,,,X,X,X,,,,,X,,X,,X,,,X,,X,X,,,X,,X,,,,X,,,X,X,X,,,,,,X,,,X,X,,,X,,,X,,,,X,X,X,,,,X,,,,X,,,X,,,,X,,X,,X,,,X,X,X,X,X,,,,X,,,,X,X,,,,X,,X,X,,X,X,,,,X,X,,X,,X,,X,X,,,,,,,,X,X,X,,,,,,X,,X,,,,,60
Argia tibialis,Blue-tipped Dancer,ARGTIB,,X,,X,,,,X,,X,X,,X,X,,,X,X,X,,,X,X,X,X,,X,X,X,X,X,X,X,X,,X,X,X,X,,X,,X,X,,X,X,,X,X,X,,X,,,,X,,X,X,X,,,,X,X,X,,,,X,X,,,,X,,X,,,X,X,X,X,,X,X,X,,,,X,,X,X,,X,,X,,X,X,,X,X,X,X,X,X,X,,X,,,,X,X,X,X,,X,X,X,X,,,,,X,,X,X,X,X,X,X,X,X,,X,,,X,,X,X,,,,X,X,,,,X,,,,X,93
Argia translata,Dusky Dancer,ARGTRA,,,,,,,,X,,,,,,,,,,,,,,,X,,,,X,,,,,,X,,,,,,,,X,,,,,,,,,,,,,,,,X,,,,,,,X,,,,X,,,X,,,X,,,,,,,,,,X,,,,,,,,,,,X,,,,X,,,X,,,X,,,,,,,X,,,,,,,X,,,X,,,,,X,,,X,,,,,,,,,,,,,,,X,,,,,,,,,,X,,,,,22
Chromagrion conditum,Aurora Damsel,CHRCON,,,,,,,,X,,,,,,,,,,,,,,,,,,,X,X,X,,,,,,,,,,X,,,,,X,,,,,,,,,,,X,,X,,,,X,,,,,,,,,,,,,,,,,,,,,,,,,,,,,,,,,,,,,,,,,,,,X,,,,,,,,,,,,,,X,,,,,,,,,,,X,,,,,,,,,X,,,,,,,X,,,,,,,,,X,,,,,15
Enallagma aspersum,Azure Bluet,ENAASP,,,,,,,,,,,,,,,,,,,,,,,X,,,,X,X,X,,,,,,,,,,,,X,X,,X,,,,,,,,,,,X,,X,,,,X,,,,,,X,,,,,,,,,,,,X,,,,,,,,,,,,,,,,,,,,,,,,,,,,,,,X,,,,X,,,,,X,,,X,,,,,,,,,,,,,,,,,,,,,,X,,X,,,,,,,,,X,,,,,19
Enallagma basidens,Double-striped Bluet,ENABAS,,,,,,,,X,X,,X,X,,,,X,X,,,,,X,X,,,,X,X,X,,,,X,,,X,,X,,,X,X,X,,,,,,,,,,,,X,,X,,X,X,,,,X,,,X,,X,,X,,,,,,X,X,X,,,,,X,,X,X,,,,X,,,,X,,,,,,,X,,X,X,,,,,X,,,,,X,,,,X,,,X,,X,,,,,,X,X,,,,,,,,X,,,,,,,X,,,,,,,,,X,X,,,,47
Enallagma civile,Familiar Bluet,ENACIV,,,,X,,,,,,X,X,,,,,,,,,,,,X,,,,,X,X,X,,X,,X,,,,,,X,X,X,,,,,,,X,,,,,,X,,X,,,,X,,X,,,,X,,,,,,,,,,,,X,,,,,,,,X,X,,X,,,,,,,X,,X,,,,,X,X,,,X,X,X,,,,,,,X,,X,,X,X,,X,,,,,,,,,,,X,,,,,,,,,X,,X,,X,X,,,,,X,X,,,,,41
Enallagma cardenium,Purple Bluet,ENACOE,,X,,,,,,,,,,,,,,,,,,,,,,,,,,,,,,X,,,,,,,,,,,,,,,,,X,,,,,,,,,,,,,,,,,,,,,,,,,,,,,,,,,,,,,,,,,,,,,,,,,,,,,,,,,,,,,,,,,,,,,,,,,,,,,,,,,,,,,,,,,,,,,,,,,,,,,,,,,,,,,,,3
Enallagma concisum,Cherry Bluet,ENACON,,,,,,,,,X,,,,X,,,X,,,,,,,,X,,,,,,,,,,,,,,,,,,,,,,,,,,,,,,,,X,,,,,,,,,,,,,,,,,,,,,,,,,,,,,,,,,,,,,,,,,X,,,,,,,,,,,,,,,,,,,,,,,,,,,,,,,,,,,,,X,,,,,,X,,,,,,,,X,,,,,X,,,,,,,10
Enallagma daeckii,Attenuated Bluet,ENADAE,,,,,,,,,,,X,,,,,,,,,,,,,X,,,,,,,,,,X,X,,,,X,,,,,,,,,,X,,X,,,,,,,,,,,,,,,,,,,,,,,,,,,,,,,,,,,,X,X,,,,X,,,,,,,,,,,,X,X,,,,X,,,,,,,,,,,,X,X,,,,,,,,,,,X,X,,,,,X,,,,,,,,,,,,X,,X,,,,,,,20
Enallagma davisi,Sandhill Bluet,ENADAV,,,,,,,,,,,,,,,,,,,,,,,,,,,,,,,,,,,,,,,,,,,,,,,,,,,,,,,,,,,,,,,,,,,,,,,,,,,,,,,,,,,,,,,,,,,,,,,,,,,,,,,,,,,,,,,,,,,,,,,,,X,,,,,,,,,X,,,X,X,,,,,,,,,,,,,,,,,,,,,,,,,,4
Enallagma divagans,Turquoise Bluet,ENADIV,,,,,,X,,,,,X,,,,,,X,,,,,,X,X,X,,X,X,X,,X,,,,,,,X,X,,X,X,,,,,,,,,X,,,,,X,X,,X,,X,,,X,,X,,X,,,X,,,,,,,,,,,,X,X,,,,,,,,,,,X,,,,,,,X,,X,X,,,,,,X,,,X,,,,,X,,X,X,,,,,,,,X,,,X,,,,,,X,,,,X,,,X,X,,,,,,,,,,,X,,41
Enallagma doubledayi,Atlantic Bluet,ENADOU,,,,X,,,,,,X,X,,,,,X,X,,,,X,,X,X,,,,,X,,,X,,,,,,,,,,,X,,,X,X,,X,,X,,,,,,X,,,,,,X,,,,X,,,,,,,,,X,,,X,,,,,X,,,X,X,,,X,,,,,,X,,,X,,X,X,X,,,,,,,,,,,,,,,,,,X,,X,,,,,,,,X,,X,,,,,,X,,,X,,,,,,,,,,X,,,,,,,36
Enallagma dubium,Burgundy Bluet,ENADUB,,,X,,,,,,X,,X,,X,,,,,,,,,,,X,,,,,,,,,,,,,,,X,,X,,,,,X,,,,,X,,,,,,,,,,,,,,,,,,,,,,,,,,,,X,,,,,,,X,,X,,,,X,,,,,X,,,,,,,,,,,,,,,,,,X,,,,,,X,,,,,,,,,,,X,X,,,,,,,X,,,,,,X,,,,,X,,X,,,,,,,22
Enallagma durum,Big Bluet,ENADUR,,,,X,,,,,,,X,,,,,,,,,,,,,,,,,X,,,,,,,,,,,,,,X,,,,,,,,,,,,,,,X,,,,,,,,,,,,,,,,,,,,,,,,,,,,X,,,,,,,,,,,,,,,,,,,,,,,,,,,,,,,,,,,,,X,,,,,,,,,,,,,,,,,,,,,,,,,,,,,,,,,,,,,,7
Enallagma exsulans,Stream Bluet,ENAEXS,,,,,,,,X,,,,,,,,,,,,,,,,,,,X,X,,,,,X,,,,,,,,X,,,,,,,,,,,,,,,,X,,,,,,,X,,,X,,,,X,X,,,,,,,,,,,,,,,,,,,,,,,,,,,,,,X,,,X,,,,,,,X,,X,X,,,,X,,,X,,,,,,,,X,,,,,,,,,,,,,,,X,X,,,,,,,,,X,,,,,21
Enallagma geminatum,Skimming Bluet,ENAGEM,,,,,,,,X,X,,X,,,,,X,X,,,,,X,X,,,,,X,,,,,X,X,,X,,,X,,X,X,,,,,,,X,,,,X,,,,X,,X,,,,,X,,,X,,,,X,X,,,,X,,,X,,,,X,X,,,X,X,,,,,,,,,X,,,,,,,,X,,,,,X,,,,,X,,,,,,X,X,,,,,,,,,,X,X,X,,,,,X,X,,,,,,X,,,,,,,X,X,,,,,,42
Enallagma hageni,Hagen's Bluet,ENAHAG,,,,,,,,,,,,,,,,,,,,,,,,,,,,,,,,,,,,,,,,,,,,,,,,,,,,,,,,,,,,,,,,,,,,,,,,,,,,,,,,,,,,,,,,,,,,,,,,,,,,,,,,,,,,,,,,,,,,,,,X,,,,,,,,,,,,,,,,,,,,,,,,,,,,,,,,,,,,,,,,,1
Enallagma pallidum,Pale Bluet,ENAPAL,X,,,,,,,,,,,,,,,,,,,,,,,,X,,,,,,,,,X,,,,,,,,,,,,,,,,X,X,,X,,,,,,,,,,,,,,,,,,,,,,,,,,,,,,,,,,,,,,X,,,,,,,,,,,,,,,,,,,,,,,,,,,,,,,,,,,,,,,,,X,,,,,,,,,,,,,,,,,,,,,,,,,,,,8
Enallagma pollutum,Florida Bluet,ENAPOL,,,,,,,,,,,,,,,,,,,,,,,,X,,,,,,,,,,,,,,,,,,,,,,,,,,,,,,,,,,,,,,,,,,,,,,,,,,,,,,,,,,,,,,,,,,,,,,,,,,,,,,,,,,,,,,,,,,,,,,,,,,,,,,,,,,,,,,,,,,,,,,,,,,,,,,,,,,,,,,,,1
Enallagma signatum,Orange Bluet,ENASIG,,X,X,,,,,X,X,X,X,,X,X,,X,X,X,,,X,X,X,X,,,,X,X,X,,,,,,X,X,X,,,X,,X,,,,X,,X,,,,X,,X,X,X,,X,X,X,,,,,,X,X,,X,,X,,X,,,X,,X,X,X,,,X,X,X,X,X,,X,X,X,X,,,,X,,X,,,X,X,X,X,,X,,X,X,X,,,,X,,X,,X,,X,X,,X,,X,,,X,X,X,X,X,,X,,X,X,X,X,,,,X,,X,X,X,X,X,X,,,,,,,X,,85
Enallagma traviatum,Slender Bluet,ENATRA,,,,,,,,,X,,X,,,,,,,,,,,,X,,,,,X,X,,,,X,,,,,,X,,X,,,,,,,,,,,,,,X,,X,,X,,X,,,,,,X,,,,,X,,,,,,,X,,,,,X,,,,,,,,,,,,,,,,,,,X,,X,,,,,,,,,,X,,X,,X,,X,X,,,,,,,,,,,X,,X,,,,X,,,,,X,,X,,,,,,,,,,,,X,,29
Enallagma vesperum,Vesper Bluet,ENAVES,,,,,,,,,,,X,X,X,X,,X,,,,,X,,,X,,,,X,,,,,,,,,X,,,,,,,,,,,,X,X,X,,,,,,X,,,,,,,,,,,,,,,X,,,,X,,,,,,,X,,,,,,,,X,X,,,,,X,,,,,,,,,,,,,,,,,,,,,,,,X,X,,,,,,,,,,X,X,,,,,,,X,,,,,,,,,,X,,,,,,,,X,,26
Enallagma weewa,Blackwater Bluet,ENAWEE,,X,,,,,,,,X,,,X,,,,,,,,,,,X,,,,,X,,,X,,X,,,,,X,,,,,,,,,,,,,,,X,,,,,,,,,,,,X,,,,,,,,,,,,,,,,,,,,X,,,,,X,,,X,,X,X,,,,,,,,,,,,X,,,,,,,,,,,,X,,,,,,,,,,,,,,,,X,,,,,,,,,,,,,,X,,,,,,,,,19
Ischnura hastata,Citrine Forktail,ISCHAS,,X,,,X,,,X,,,X,X,X,X,,X,X,,X,X,X,X,X,X,X,,X,X,X,,,X,X,X,,X,X,,X,,X,X,X,,,,X,,X,X,X,,X,,X,,X,,X,,X,,X,,,,X,X,,,X,X,,,,,X,,X,,,X,,X,,X,X,X,,,X,X,X,,,,X,X,X,,,X,X,X,X,X,,,,,,,,X,X,,,,X,,X,X,,X,,,X,,,,,X,X,X,X,,,X,X,X,,,X,,,X,,,,,X,,X,X,X,X,,,X,82
Ischnura kellicotti,Lilypad Forktail,ISCKEL,,X,,,X,,,,,X,,,X,X,X,X,X,X,,,,,,X,X,,,,X,,,,,,X,,X,,,,,,,,X,,,,X,X,X,,,,,,X,,,,,,,,,,X,,,,,,,X,,X,,,,X,,X,,,,,,,,,X,X,,,,,,,X,,,,X,,,,,,,,,,,,,,,,,,X,X,,X,,,,,X,,,X,X,,X,,X,,,X,,X,,,,,,,,X,X,,X,,,,,X,,42
Ischnura posita,Fragile Forktail,ISCPOS,X,X,,,X,,,X,,X,X,X,X,X,,X,X,X,X,,X,X,X,X,X,,X,X,X,,X,,X,X,,X,X,,X,,X,X,,,,X,X,X,X,X,X,,X,X,X,X,X,,X,X,X,,X,X,X,,X,X,,,X,X,,X,,,X,,X,X,X,X,X,X,,X,X,X,X,,X,X,X,,,,X,X,X,,,X,X,X,X,X,X,,X,X,X,,,X,X,X,X,,X,,X,X,,X,X,,X,X,X,,,X,X,X,X,X,X,X,X,X,,X,X,,,X,X,X,,X,X,,X,X,X,X,X,X,X,112
Ischnura prognata,Furtive Forktail,ISCPRO,,,,,X,,,,,,X,,,,,,,,,,X,,,,,,X,,,,,,,,,,,,,,,,,,,,,,,,X,,,,,,X,,,,,,X,,,,,,,,,,,,,,,,X,,,,,,,,,X,X,,X,,,,,,,,,,,,,,,,,,,,,,,,,,,,,,,X,,X,,,,,,,,X,,X,,,,X,,,,,,,,,,,,,X,,,,,,,,,17
Ischnura ramburii,Rambur's Forktail,ISCRAM,X,,X,X,,,,,X,X,X,,X,X,X,X,,,,X,X,X,X,X,X,,,X,X,,,X,,X,X,,X,,,X,,,X,X,,,X,,,X,X,,X,X,,,X,,,,,,X,,X,X,X,,,,X,X,,,,,X,,X,X,X,,,X,,X,X,X,X,,X,X,,,,,X,X,,,,X,X,,X,X,,,,,X,,,,X,,,,,,X,X,,X,X,,,X,,,X,X,,X,X,X,X,X,,X,,X,,X,,X,,X,,,,,X,,X,,,,X,76
Ischnura verticalis,Eastern Forktail,ISCVER,,,,,,,,,,,,,,,,,X,,,,,,X,,,,X,,X,,X,,,,,,,,,,X,X,,X,,,,,,,,,,,,,X,,X,,,,,,,,,,,,,,,,,,,,,,,,,,,,,,,,,,,,,,,,,,,,,,,,X,,,,,,,,,,,,X,,,,,,,,X,,,,,,,,,,,,X,,,,,X,,X,,,,,,,,,,,,,,16
Nehalennia gracilis,Sphagnum Sprite,NEHGRA,,,,,,,,,,,,,,,,,,,,,,,,,,,,,,,,,,,,,,,,,,,,,,,,,,,,,,,,,,,,,,,,,,,,,,,,,,,,,,,,,,,,,,,,,,,X,,,,,,,,,,,,,,X,,,,,,,,,,,,,,,,,,,,,,,,,,,,,,,,,,,,,,,,,,,,,,,,,X,,,,,,3
Nehalennia integricollis,Southern Sprite,NEHINT,,,,,X,,,,,,X,,,,,,,,,,,,,X,,,,,,,,X,,,,,,X,,,,,,,,,,,X,,,,,,X,,X,,,,,,,,,,,,,,,,,,,,,,X,,,,,,,,X,X,,,,X,,,,,X,,,,,X,,X,,,,,,,,,,,,,,,X,,X,X,,X,,,,,,,,X,X,X,,X,,,,,,,,,,X,,X,,,,,X,,,,,,,26
Telebasis byersi,Duckweed Firetail,TELBYE,X,,,,,,,,,,,,,,X,,,,,,,,,,X,,,,,,,,,,,,,,,,,,,,,,,,,,,,,,,,X,,,,,,X,,,,,,,,,,,,,,,,,,,,,,,,,,,,,X,,,,,,X,,,,,,,,,,,,,,,,,,,,,,,X,,,,,,,,,,,,,,,,,,,,,,,,,,,,,,,,,,,,,,,8
Tachopteryx thoreyi,Gray Petaltail,TACTHO,,,,,X,,,X,,,,,,,,,,X,,,,X,,,,,,X,X,,,,,,,,,,,,,X,,X,,,,,,,,,,,X,,X,X,X,,X,,,,,,X,,,,,X,,,,,,X,,,X,,,,,,,,,,X,,X,,,,,X,X,,,X,,X,X,,,,X,X,,,,,,,,,X,,,X,,,,,,,,X,,,X,,,,,,X,,,,,,X,X,,,,,X,,,X,X,,,,,36
Aeshna umbrosa,Shadow Darner,AESUMB,,,,,X,,,,,,X,,,,,,,,,,,,,,,,,X,X,,,,X,,,,,,,,,,,X,,,,X,,,,,,,X,,X,,,X,,X,,,,,,,X,,,,,,,,,X,,,,,,,,,,,,,,,,,,,,,,,,,,,X,,,X,,,,X,,,,,,,X,,,X,,,,,,,,,,,,,,,,,X,,,,,X,,,,,,,,,,,,,,,,20
Anax junius,Common Green Darner,ANAJUN,,,X,X,X,,,X,,X,X,,X,,,X,,,X,X,,X,X,X,,,X,X,X,,X,X,X,X,X,,,X,,,X,,X,X,,,X,,X,,X,,X,X,X,,X,X,,,,,X,,,,X,,,,,X,,,,,,,X,,,X,X,X,X,,X,X,,X,X,,X,,,,X,X,X,,X,X,,X,X,,X,,X,X,X,,,X,,,,,X,,X,X,,,X,,,X,,X,,X,X,,X,X,X,X,X,,,,,X,X,X,,X,,,X,,,X,,X,X,X,,80
Anax longipes,Comet Darner,ANALON,X,,,,X,,,X,,,X,,,,X,X,X,,,,X,,,,X,,X,X,X,,,,X,,,,,,,,,,,X,,,,,,,X,,,,,,X,,,,,,,,,,X,,,,,,,,,,,,,,,,,X,,,X,X,X,,X,,,,,X,,,,,,,,,,,,,,,,,,,,,,,,,,X,,,X,,,,,X,,X,X,,,,,,X,,,,,,,X,,,,,,,X,,,,,,,31
Basiaeschna janata,Springtime Darner,BASJAN,,,,,,,,X,,,X,,,,,,X,,,,,,X,,,,X,X,X,,,,,,,X,,,,,,,,,,,,,,,,,,,X,,X,,,,,,,X,,,X,,,,,X,,,,,,,X,,,,,X,,,,,,,,,,,,,,,X,,,X,,X,X,,,,,X,,,,X,,,,,,,X,X,,,,,,,,,,,X,,,,,X,X,,,,,,X,X,,,,,,,,X,,,,,,29
Boyeria grafiana,Ocellated Darner,BOYGRA,,,,,,,,,,,,,,,,,,,,,,,,,,,,,,,,,,,,,,,,,,,,,,,,,,,,,,,X,,,,,,,,,,,,,,,,,,,,,,,,,,,,,,,,,,,,,,X,,,,,,,,,,,,X,,,,,,,,,,,,,,X,X,,,,,,,,,,,,,,,,,,,,,,,,,,,,,,,,,,X,,,,,,6
Boyeria vinosa,Fawn Darner,BOYVIN,,,,,X,,,,,,X,,X,,,,X,,,,,X,X,,,X,X,X,X,,,,X,,,X,,X,,,,,X,,,,,,X,,X,,X,,X,,X,X,,X,X,,,X,,,X,X,,,X,,,X,,X,,,X,,X,,,X,,,,,,,,,X,,,,X,,X,,,,,,X,X,,,X,X,,,,,X,,,X,X,,X,X,,,,,X,,,X,,,,,,,,X,X,,X,,,X,X,,,,,,,,,X,,,,,,51
Coryphaeschna ingens,Regal Darner,CORING,,,,X,,,,,,,,,,,,,,,X,,,,,X,,,,,,,,X,,,X,,,,,,,,,,,,,,X,,X,,,,,,,,,,,,X,,,,,,,,,,,,,,,,,,,,,,,,,X,,,,X,,,,,,X,,,,X,,,,,,,,,,,,,,,,,,,,X,,,,,,,,,,,,,,,,,,,,,,,,,,,,,,,X,,,,,,,14
Epiaeschna heros,Swamp Darner,EPIHER,X,,,X,X,,,X,,,X,,X,,,,X,,X,,X,,X,X,X,,,X,X,,,X,X,X,,X,,,,,X,,,X,,X,X,,X,,X,,,X,,,X,,,X,,,X,,,,X,,,,,X,,X,,,,,X,,,,,X,,,X,,X,,X,X,X,,X,,,X,X,,,X,,X,X,,,,,,,,,X,X,,X,,,,X,X,,X,,,,,,,,X,,,,,,X,X,,,,X,,,X,,X,,,X,,,X,,,,X,,59
Gomphaeschna antilope,Taper-tailed Darner,GOMANT,,,,,X,,,,,,X,,,,,,X,,,X,,,,X,,,,,X,,,,,X,,,,X,,,,,,X,,,,,,,,X,,X,,,,,,X,,,,,,,,,,,,,,,,,,,,,,,,X,,,,,X,X,,,,,,,,X,,,,,,,,,,,,,,,,,,,,,,,,,,,,,,,,,,,X,,,,,,,,,,,,,,,,,,,,,,,,X,,,18
Gomphaeschna furcillata,Harlequin Darner,GOMFUR,,,,,,,,,,,X,,X,,,,X,,,,,,,,,,X,,,,,,X,X,,,,,X,,,,,,,,,,X,,X,,,,,,X,,,,,,,,,,,,,,,X,,,,,X,,,,,,,,,X,,,,,,X,,,,,,,,,,,,,,,,,,,,,X,,,,,,,,X,,,,,,,,,,,,,,,X,,,,,,,,,,,,,,,,,,,,,,,,17
Gynacantha nervosa,Twilight Darner,GYNNER,,,,,,,,,,,,,,,,,,,,X,,,,X,,,,,,,,,,,,,,,,,,,X,,,,,,,,,,,,,,,,,,,,X,,,,,,,,,,,,,,,,,,,,,,,,,,,,,X,,,,,,,,,,,,,,,,,,,,,,,,,,,,,,,,,,,,,,,,,,,,X,,,,,,,,,,,,,,,,,,,,,,,,6
Nasiaeschna pentacantha,Cyrano Darner,NASPEN,,,,X,,,,,,,X,,,,,,X,,,,,X,,X,,,,X,,,,,,X,,,,,,,,,X,,,,,,X,,,,X,,,,X,,,,,,X,,,,,X,,X,,,,,,,,,X,,,,,,,,X,,,,X,X,,,,,,,,,,,,,,,,,,,,,,,,,,,,,X,X,,,,,,,,,,,,,,,,X,,,,,X,,,,,,,,X,,,,,,,,,23
Triacanthagyna trifida,Phantom Darner,TRITRI,,,X,,,,,,,,,,X,,,,,,,X,,,,X,,,,,,,,,,,,,,,,,,,,,,,,,,,,,,,,,,,,,,,X,,,,,,,,,,,,,,,,,,,,,,,,,,X,,,,,,,,,,,,,,,,,,,,,,,,X,,,,,,,,,,,,,,,,,,,,,,,,,,,,,,,,,,,X,,,X,,,,,,,,,9
Aphylla williamsoni,Two-striped Forceptail,APHWIL,,,,,,,,,,X,X,,,,X,X,,,,,,,,,X,,,X,X,,,,,,X,,,X,,X,,,X,X,X,,,,X,,,,,,,,X,,,X,,,,,X,X,X,,,X,,X,,,,X,,,X,,,X,X,X,X,,X,,X,,X,X,,,,,,,,X,X,X,,,,X,,,,,,,,,,,,,,,X,X,,X,X,,,,,X,,,,,X,X,,,,,,,,,X,,,,,,,,,,,X,,,,44
Arigomphus pallidus,Gray-green Clubtail,ARIPAL,,,,X,,,,,,,,,,,X,,X,,,,,,,,X,,,,,,,X,,X,,,,,,,,,X,,,,X,,X,,X,,,,,,,,,,,,,,,,,,,,,,,,,,,,,,,,,,,X,,,,,X,X,,,,,,,,,,,,,,,,,,,,,,,,,,,,,,,,X,,,,,,,,X,,,,X,,,,,,,,,,,,,,,X,,,,,,,,,17
Arigomphus villosipes,Unicorn Clubtail,ARIVIL,,,,,,,,,,,,,,,,,,,,,,,,,,,,,,,,,,,,,,,,,X,,,,,,,,,,,,,,,,X,,,,,,,,,,,,,,,,,,,,,,,,,,,,,,,,,,,,,,,,,,,,,,,,,,,,,,,,,,,,,,,,,,,,,,,,,,,,,,,,,,,,,,,,,X,,,,,,,,,,,,,,3
Dromogomphus armatus,Southeastern Spinyleg,DROARM,,,,,,,,,,,X,,,,,,X,,,,,,,,,,,,,,,,,,,,,,,,,,,,,,,,X,,,,,,,,,,,,,,,,,,,,,,,,,,,,,,,,X,,,,,,,,,,,,,,,,,,,,,,,,,,,,,,,,,,,,,,,,,,,,,,,X,X,,,,X,,,,,,,,,,X,,,,,,,,,,,,,,,,,8
Dromogomphus spinosus,Black-shouldered Spinyleg,DROSPI,,,,X,X,,,X,,,X,,,,,X,X,,X,,,,X,,,,X,X,,,,,X,,,X,,,X,X,X,X,X,,,,,X,X,,,,X,,,,X,,,,X,,,X,X,,X,,,X,X,X,,,,,,,X,,X,X,,X,,,X,X,,X,,,,,X,,X,,X,,,X,,,X,X,,,,X,,X,,,X,,,,X,X,X,X,,X,,,X,,,X,,X,,X,,,,,X,X,X,,X,,X,X,,,X,,,,,X,X,,X,X,,64
Dromogomphus spoliatus,Flag-tailed Spinyleg,DROSPO,,,,,,,,,,,,,,,,,,,,,,,X,,,,X,X,,,,,,,,,,,,,,,,,,,,,,,,,X,,,,X,,,,X,,,X,,,,,,,,,,,,,,,,,,,,,,,,,,,,,,,,,,,,,,,,,,,,,,,,,,,,,,,,,,,,,,,,,,,,,,,,,,,,,,,,,,,,,,,,,,,,,,,,7
Erpetogomphus designatus,Eastern Ringtail,ERPDES,,,,,X,,,,,,X,,,,,,,,,,,,,,,,X,,X,,,,,,,,,,,,,,X,,,,,,,,,,,,,,,,,,,,,,,,,,,,,,,,,X,,,,,,,,X,,,X,,,,X,,,,,,,,,,,X,,,,X,,,,,,,,X,,,,,,,,X,,,,,,,,X,,X,,,,,,X,,,,,X,,X,,,,,,,,,,,,,,X,19
Gomphurus dilatatus,Blackwater Clubtail,GOMDIL,,,,,X,,,X,,,X,,X,,X,X,X,,,,,,,,,,,X,X,,,,,,,X,,,,,,,X,,,,,,X,X,,,,,,,X,,,,,,,X,,X,X,,X,,,,,,,X,,,,X,,,,,,,,,,,X,,,,X,,,,X,,,X,,,X,,,,X,,,,,,,,,,X,,X,X,X,,,,,,,,,X,,X,,,,,,,,,,,X,,,,,,X,,,,,X,,,,35
Gomphurus hybridus,Cocoa Clubtail,GOMHYB,,,,,X,,,X,,,,,,,,,X,,,,,,,,,,,,X,,,,,,,,,,X,,,,,,,,,,,,,,,,,,X,,,,X,,,,,X,,,,,,,,,,,,,X,X,,,,X,,,X,,,,X,,,,,,,,,,,X,X,,X,,X,,,,,,,,,,,,,,,X,,,,,,,,,,X,X,X,,,,X,,,,,X,,X,,,,,,X,,,,,,,,,25
Gomphurus lineatifrons,Splendid Clubtail,GOMLIN,,,,,,,,,,,,,,,,,,,,,,,,,,,X,X,,,,,,,,,,,,,X,,,,,,,,,,,,,,X,,X,,,,X,,,X,,,,,,,,,,,,,,,,,,,,,,,,,,,,,,,,,,,,,,,,,,,,,,,,X,,,,,,,,,,,,,,,,,,,,,,,,,,,,,,,,,,X,,,,,,,,,X,,,,,10
Gomphurus vastus,Cobra Clubtail,GOMVAS,X,,,,,,,,,,,,,,,,X,,,,,,,,,,,,X,,,,X,,,,,,,,,,,,,,,,,,,,X,,,,,,,,,,,,,,,,,,,,,,,,,,,,,,,,,,,,,,,,,,,,,,X,,,X,,,,,X,,,,,,,X,,,,,,,,X,,,,,,,,,,,,,,,,X,,X,,,,,X,,,,,,,,,,,,,,,13
Hagenius brevistylus,Dragonhunter,HAGBRE,,,,X,,,,,,,,,,,X,,X,X,,,,X,X,,,,X,X,X,,,,,,,,,,,,X,,X,X,,,,,,,,,,X,X,,X,,,,X,,,X,,,X,X,,X,X,,,,,,,,,X,,X,,X,,,,,,,,,,,,,,,X,,,X,,,X,,,,X,,,,,X,X,,,,X,,X,X,,,,,,,,,,X,,,,,,,X,,,,X,X,X,,,,X,,,,,,,,,,,39
Hylogomphus adelphus,Moustached Clubtail,GOMADE,,,,,,,,,,,,,,,,,,,,,,,,,,,,,,,,,,,,,,,,,,,,,,,,,,,,,,,,,,,,,,,,,,,,,,,,,,,,,,,,,,,,,,,,,,,,,,,,,,,,,,,,,X,,,,,,,,,,,,,,,,,,,,,,,,,,,,,,,,,,,,,,,,,,,,,,,,,,,,,,,1
Hylogomphus apomyius,Banner Clubtail,GOMAPO,,,,,,,,,,,X,,,,X,,,,,,,,,,,,,,,,,,,,,,,,X,,,,,,,,,,,,,,,X,,,X,,,,,,,,,,,,,,,X,,,,,,,,,,,,,,,,,,,,,,,,,,,X,,,X,,,X,,,,,,,,,,,,X,,X,,X,,,,,,,,,X,,X,,,,,,,,,,,,,X,,,,,,,,,,,,,,,15
Hylogomphus geminatus,Twin-striped Clubtail,GOMGEM,,,,,,,,,,,,,,,,,,,,,,,,,,,,,,,,,,,,,,,,,,,X,,,,,,X,,,,,,,,,,,,,,,,,,,,,,,,,,,,,,,,,,,,,,,,,,,,,,,,,,,,,,,,,,,,,,,,,,,,,,,,,,,,,,,,,X,,,X,,,,,,,,,,,,,,,,,,,,,,,,,,,4
Hylogomphus parvidens,Piedmont Clubtail,GOMPAR,,,,,,,,,,,,,,,,,,,,,,,,,,,,,,,,,,,,,,,,,,,,,,,,,,,,,,,X,,,,,,X,,,,,,,,,,,,,,,,,,,,,,,,,,,,,,,,X,,,,,,,,,,,,,,,,,,,,,,,,,,X,,X,X,X,,,,,,,,,,X,,,,,,,,,,,,,,,,,,,,,X,,,,,,9
Hylogomphu) viridifrons,Green-faced Clubtail,GOMVIR,,,,,,,,,,,,,,,,,,,,,,,,,,,,,,,,,,,,,,,,,,,,,,,,,,,,,,,,,,,,,,,,,,,,,,,,,,,,,,,,,,,,,,,,,,,,,,,,,,,,,,,,,,,,,,,,,,,,,,,X,,,,,,,,,,,,,,,,,,,,,,,,,,,,,,,,,,,,,,,,,1
Lanthus vernalis,Southern Pygmy Clubtail,LANVER,,,,,,,,,,,,,,,,,,,,,,,,,,,,,,,,,,,,,,,,,,,,,,,,,,,,,,,X,,,,,,X,,,,,,,,,,,,,,,,,,,,,,,,,,,,,,,,X,,,,,,,,,,,,X,,,,,,,,,,,,,,X,,,,,,,,,,,,,,,,,,,,X,,,,,X,,,,,,,,,,X,,,,,,8
Ophiogomphus edmundo,Edmund's Clubtail,OPHEDM,,,,,,,,,,,,,,,,,,,,,,,,,,,,,,,,,,,,,,,,,,,,,,,,,,,,,,,,,,,,,,,,,,,,,,,,,,,,,,,,,,,,,,,,,,,,,,,,,,,,,,,,,X,,,,,,,,,,,,,,X,,,,,,,,,,,,,,,,,,,,,,,,,,,,,,,,,,,X,,,,,,3
Ophiogomphus howei,Pygmy Snaketail,OPHHOW,,,,,,,,,,,,,,,,,,,,,,,,,,,,,,,,,,,,,,,,,,,,,,,,,,,,,,,,,,,,,,,,,,,,,,,,,,,,,,,,,,,,,,,,,,,,,,,,,,,,,,,,,,,,,,,,,,,,,,,X,,,,,,,,,,,,,,,,,,,,,,,,,,,,,,,,,,,,,,,,,1
Ophiogomphus incurvatus,Appalachian Snaketail,OPHINC,,,,,,,,,,,X,,,,,,,,,,,,,,,,,,,,,,,,,,,,,,,,,,,,,,,,,,,,,,X,,,,,,,,,,,X,,,,X,,,,,,,,,,,,X,,,,,,,,,,,,,,,,,,,,,,,,,X,,,,,,,,,,X,,,X,,,,,,,,X,,,,,,,,,,,,,,X,,,,,,,,,,X,,,,,,11
Ophiogomphus mainensis,Maine Snaketail,OPHMAI,,,,,,,,,,,,,,,,,,,,,,,,,,,,,,,,,,,,,,,,,,,,,,,,,,,,,,,,,,,,,,,,,,,,,,,,,,,,,,,,,,,,,,,,,,,,,,,,,,,,,,,,,X,,,,,,,,,,,,,,X,,,,,,,,,,,,,,,,,,,,,,,,,,,,,,,,,,,,,,,,,2
Phanogomphus australis,Clearlake Clubtail,GOMAUS,,,,,,,,,,,,,X,,,,,,,,,,,X,,,,,,,,,,,,,,,,,,,,,,,,,,,,,,,,,,,,,,,,,,,,,,,,,,,,,,,,,,,,,,,X,,,,,,,,,X,,,,,,,,,,,,,,,,,,,,,,,,,,,,,,,,,,,,X,X,X,,,,,,,,,,,,,,,,,,,,,,,,,,7
Phanogomphus cavillaris,Sandhill Clubtail,GOMCAV,,,,,,,,,,,,,X,,,,,,,,,,,X,,,,,,,,,,,,,,,,,,,,,,,,,,,,,,,,,,,,,,,,,,,,,,,,,,,,,,,,,,,,,,,,,,,,,,,,,,,,,,,,,,,,,,,,,,,,,,,,,,,,,,,,,,,,,,,,,,,,,,,,,,,,,,,,,,,,,,,,2
Phanogomphus diminutus,Diminutive Clubtail,GOMDIM,,,,,,,,,,,,,,,,,,,,,,,,,,,,,,,,,,,,,,,,,,,,,,,,,,,,,,,,,,,,,,,,,,,,,,,,,,,,,,,,,,,,,,,,,,,,,,,,,,,,,,,,,,,,,,,,,,,,,,,,,X,,,,,,,,,,,,,,,,,,,,,,,,,,,,,,,,,,,,,,,1
Phanogomphus exilis,Lancet Clubtail,GOMEXI,,X,,,X,,,X,,,X,,,,,,,X,,,,X,X,,,,X,X,X,,,,X,,X,X,X,X,X,,X,X,,,,,,,X,,,,X,,X,,X,X,X,X,X,,,,,,X,X,,,,X,,X,,X,,X,X,,X,,X,X,,X,,,,,X,,X,,,,,,X,,,X,,X,X,,,,,,X,,,X,,,X,,X,X,X,X,,,,,,X,,X,X,,X,X,X,,,,X,,,,X,X,,X,,,,X,,,,X,,,X,X,,64
Phanogomphus lividus,Ashy Clubtail,GOMLIV,,,,,X,,,X,,,X,X,,,,,X,,,,,,X,,,,X,X,X,,,,X,,,X,,X,X,,X,X,,X,,,,,X,,,,,,X,,X,,X,X,,,,,X,X,X,X,,,,X,,,,,,,X,,,X,,X,,,,,,,,,X,,,X,,,X,,,X,,,X,,,,X,,,,,,,,,,X,,X,X,X,,X,,,X,,X,,,X,,X,,,,X,X,X,,,X,,X,,,,,,,,X,X,,X,,,52
Phanogomphus minutus,Cypress Clubtail,GOMMIN,X,X,,,,,,,X,X,,,X,,X,,X,,X,,X,,,X,,,,,,,,X,,,,,X,,,,,,,,,,,,X,X,X,,X,X,,,,,,,,,,,X,,X,,,,,,,,,X,,,X,,,X,X,,,X,X,,,,X,X,,,,,,,,,,,,,,,,,,,,,X,,,,,,,,,,,X,,,,,,X,,X,,X,,,,X,,X,,,X,,,,,,,,X,,,,X,,,,,37
Phanogomphus quadricolor,Rapids Clubtail,GOMQUA,,,,,,,,,,,,,,,,,,,,,,,,,,,,,,,,,,,,,,,,,,,,,,,,,,,,,,,,,,,,,,,,,,,,,,,,,,,,,,,,,,,,,,,,,,,,,,,,,,,,,,,,,X,,,,,,,,,,,,,,,,,,,,,,,,,,,,,,,,,,,,,,,,,,,,,,,,,,,,,,,1
Progomphus alachuensis,Tawny Sanddragon,PROALA,,,,,,,,,,,,,,,,,,,,,,,,X,,,,,,,,,,,,,,,,,,,,,,,,,,,,,,,,,,,,,,,,,,,,,,,,,,,,,,,,,,,,,,,,,,,,,,,,,,,,,,,,,,,,,,,,,,,,,,,,,,,,,,,,,,,,,,,,,,,,,,,,,,,,,,,,,,,,,,,,1
Progomphus obscurus,Common Sanddragon,PROOBS,,,,,X,X,,,,X,X,,,,X,X,X,X,,,,,,X,,,X,X,X,X,,,,X,,X,X,X,,,,X,X,X,,,,,X,X,X,X,X,X,,X,X,,X,X,X,,,,X,,X,X,X,X,X,,,,,X,,X,X,,,,X,X,,,,,,,,X,,X,X,X,X,,X,,,X,X,,X,,X,X,X,X,,X,X,X,,,X,,X,,X,X,,,,,,X,,X,X,X,X,X,,X,X,X,,X,X,,X,,X,,,X,X,,X,,,X,,,,,,79
Stenogomphus consanguis,Cherokee Clubtail,GOMCON,,,,,,,,,,,,,,,,,,,,,,,X,,,,X,,,,,,,,,,,,,,,,,,,,,,,,,,,,,,X,,,,,,,,,,,,,,,,,,,,,,,,,,,,,,,,,,,,,,,,,,,,,,,,,,,,,,,,,,,,,,,,,,,,,,,,,,,,,,,,,,,,,,,,,X,,,,,,,,,X,,,,,5
Stenogomphus rogersi,Sable Clubtail,GOMROG,,,,,,,,,,,,,,,,,,,,,,,,,,,,X,,,,,,,,,,,,,,,,,,,,,,,,,,,X,,,,,,X,,,,,,,X,,,,X,X,,,,,,,,,,,,,,,,,,,,X,,,,,,,,,,,,X,,,,,,,,,,,,,,X,,,X,,,,,,,,,,,X,,,,,,,,,,,X,,,,,,,,,,X,,,,,,13
Stylogomphus albistylus,Eastern Least Clubtail,STYALB,,,,,,,,X,,,,,,,,,,,,,,,X,,,,X,X,,,,,,,,,,X,,,,,,,,,,,,,,,,,,,X,,,,X,,,,,X,X,X,,,,,,,,,,,,,,,,,,,,,,,,,,,,,,,,,,,,,X,,,,,,,X,,,,,,,X,,,X,,,,,,,,,,,,,,,,,X,,,,,X,,X,,,,,,,,X,,,,,,18
Stylurus amnicola,Riverine Clubtail,STYAMN,,,,,,,,,,,,,,,,,,,,,,,,,,,,,,,,,,,,,,,,,,,,,,,,,,,,,,,,,,,,,,,,,,,,,,,,,,,,X,,,,,,,,,,,,,,,,,,,,,,,,,,,,,,,,,,,,,,,,,,,,,,,,,,,,,,,,,,,,,,,,,,,,,,,,,,,,,,,,,,,,1
Stylurus ivae,Shining Clubtail,STYIVA,,,,,,,,,,,,,X,,X,,X,,,,,,,,,,,,,,,,,,,,,,,,,,,,,,,,,,,,,,,,,,,,,,,,,,,,,,,,,,,,,,,,,,,,,,,X,,,,,,,,,,,,,,,,,,,,,,,,,,,,,,,,,,,,,,,,,,,,X,,,,,,X,,,,,,,,,,,,,,,,,,,,,,6
Stylurus laurae,Laura's Clubtail,STYLAU,,,,,,,,,,,,,,,,,,,,,,,,,,,,X,,,,,,,,,,,,,X,,,,,,,,,,,,,,X,,X,,,,X,,,,,,,,,,,,,,,,,,,,,,,,,,,,,,,,,,,,,,,,,,,,,,,,,,,,,,,,,,X,,,X,,,,,,,,,,,,,,,,,X,,,,,,,,,,,,,,,X,,,,,,9
Stylurus notatus,Elusive Clubtail,STYNOT,,,,,,,,,,,,,,,,,,,,,,,,,,,,,,,,,,,,,,,,,,,,,,,,,,,,,,,,,X,,,,,,,,,,,,,,,,,,,,,,,,,,,,,,,,,,,,,,,,,,,,,,,,,,,,,,,,,,,,,,,,,,,,,,,,,,,,,,,,,,,,,,,,,,,,,,,,,,,,,,,1
Stylurus plagiatus,Russet-tipped Clubtail,STYPLA,X,,,,X,,,,,,,,,,X,X,X,,,,,X,,X,,,,X,X,X,X,,,,,,,,,,,,,X,,X,X,,X,,,,,,,,X,,,X,,,,,,X,,,,,,X,,X,,X,,,,,,,,,,,,X,,,X,,,X,,,,,X,,,X,,,,X,,,,,,,,,,,,,,,X,X,,,,,,,,,,X,,X,,,,,X,,,,,,,,,,,,,,,,,,,,,32
Stylurus scudderi,Zebra Clubtail,STYSCU,,,,,,,,,,,,,,,,,,,,,,,,,,,,,,,,,,,,,,,,,,,,,,,,,,,,,,,X,,,,,,,,,,,,,,,,,,,,,,,,,,,,,,,,,,,,,,,,,,,,,,,,,,,,,,,,,,,,,,,,X,,,,,,,,,,,,,,,,,,,,,,,,,,,,,,,,,,,X,,,,,,3
Stylurus spiniceps,Arrow Clubtail,STYSPI,,,,,,,,,,,,,,,,,,,,,,,,,,,,X,,,,,,,,,,,,,,,,,,,,,,,,,,,X,,,,,,,,,,,,,X,,,,,,,,,,,,,,,,,,,,,,,,,,,,,,,,,,,,,,,,,,,,,,,,,,,X,,,,,,,,X,,,,,,,,,,,,X,,,,,X,,,,,,,,,,,,,,,,7
Cordulegaster bilineata,Brown Spiketail,CORBIL,,,,,X,,,X,,,,,,,,,X,,,,,,X,,,,X,,X,,,,,,,,,,,,,X,,,,,,,,,,,,,X,,X,,,,,,,,,,,X,,,,X,,,,,,,,,,,,,,,,,,,,,,,,,,,,,,,,,X,,,,,,,,,,,,,,X,,X,X,,,,,,,,X,,,,,,,,,,,,,,X,,X,,,,,,,,X,,,,,,19
Cordulegaster erronea,Tiger Spiketail,CORERR,,,,,,,,,,,,,,,,,,,,,,,,,,,X,,,,,,,,,,,,,,,,,,,,,,,,,,,,,,X,,,,X,,,,,,X,X,,,,,,,,,,,,,,,,,,,,,,,,,X,,,,,,,,,,,,X,,,,,,,,,,,,,,X,,,X,,,,,,,,,,,,,,,,,X,,,,,X,,X,,,,,,,,X,,,,,,13
Cordulegaster maculata,Twin-spotted Spiketail,CORMAC,,,,,,,,X,,,X,,,,,,X,,,,,,X,,,,X,X,X,,,,X,,,,,,,,,X,,,,,,,X,,,,X,X,X,,X,,,X,X,,,,,X,,X,X,,,,,X,,,,,,,,,,,,,,,,,,,,,,,,,,,,X,,,X,,,,X,X,,,,,,,,,X,,,X,,,,,,,,,,X,,,,,,,,,,,,X,,X,,,,,,,,X,X,,X,,,32
Cordulegaster obliqua,Arrowhead Spiketail,COROBL,,,,,,,,,,,X,,,,,X,,,,,,,X,,X,,X,X,,,,,,X,,,,,,,,,X,,,,,,X,,,,X,,,,X,,,,,,,,X,,,,,,,,,,,X,,,X,,,,,,,,,,,,X,,,,,,,,,,X,X,,,X,,,,,,,,,,,,,,,,,,,,,,,X,X,X,,,,,,,,,,,,,X,,,,,,,,,,,,,,,,,22
Cordulegaster sayi,Say's Spiketail,CORSAY,,,,,,,,,,,,,,,,,,,,X,X,,,X,,,,,,,,,,X,,,,,,,,,,,,,,,,,X,,X,X,,,,,,,,,,,,,,,,,,,,,,,,,,,,,,,,,,,X,,,,,,,,,,,,,,,,,,,,,,,,,,,,,,,,,,,,,,,,,,,X,,,,X,,X,,,,,,,,,,,,,X,,,,,,,,,12
Didymops transversa,Stream Cruiser,DIDTRA,,X,,,X,,,X,,,X,X,,X,,,,X,,,,,X,X,,X,X,X,X,,,,X,,,X,X,X,X,,X,,X,X,,,X,,X,,X,,X,X,X,,X,,,X,X,,,,,,X,X,,,,X,,,,,,X,X,,,,X,X,,,,X,,,X,,X,,,,,X,X,,,X,,X,X,X,X,,,,,,X,,,,,,X,,X,X,,,,,,,,,,X,X,,,X,,X,X,,,,,X,X,,,,,,,,,,X,,,,,59
Macromia alleghaniensis,Allegheny River Cruiser,MACALL,,,,,,,,,,,,,,,,,,,,,,,,,,,,,,,,,,,,,,,,,X,,,,,,,,,,,,,,,,,,,,,,,,,,,,,,,,,,,,,,,,,,,,,,,,,,,,,,,,,,X,,,,,,X,,,,,,,,,,,,,,X,,,,,,,,,,,,,,,,,,,,,,X,,,,,,,,,,,,,,,,,,,5
Macromia illinoiensis,Swift River Cruiser,MACILL,X,,,,X,,,,,,X,,,,,,X,,,,,,,X,,X,,X,X,X,,X,,,,,,,,,X,,X,,,,X,,X,,,,,,,,X,,,,,,,,,,,,,,X,,,,,X,,,,,,,,,,,X,X,,,,,,,X,,,,X,,,X,X,,X,X,,,,,,,X,,,,,,X,,X,X,,,,,,,,X,,X,,X,,,,,,,,,X,,X,,,,,,X,,,,,,X,X,,37
Macromia margarita,Mountain River Cruiser,MACMAR,,,,,,,,,,,,,,,,,,,,,,,,,,,,,,,,,,,,,,,,,,,,,,,,,,,,,,,,,,,,,,,,,,,,,,,,,,,,,,,,,,,,,,,,,,,,,X,,,,,,,,,,,,,,,,,,,,,,,,,,X,,,,,,,,,,,,,,,,,,,,,,,,,,,,,,,,,,,,,,,,,2
Macromia taeniolata,Royal River Cruiser,MACTAE,X,,,,,,,X,,,X,,,,,,X,,,,X,,,,,,,,X,,X,,,,,,,,,,,,X,,,,,,X,,,,X,,,,X,,,,,,,,,,,,,,,X,,,,X,,,,,,,,,,,X,X,,,X,X,,,,,,,,,,,,,,,,,,,,,,,,,,,,,X,,,X,X,,,,X,,,X,X,X,,,,,,,,,,,,,,,,,,,,,,,X,X,,26
Epitheca (Epicordulia) princeps,Prince Baskettail,EPIPRI,,,,,X,,,,,,X,,,X,,X,X,,,,,X,X,,,,,,X,,,,X,,,X,X,,,,,,X,,,,X,X,X,,,,,,,X,X,,,,,,,X,,,X,X,X,X,,,,,,,,,X,,,,,X,,,X,X,,X,X,,,,,,X,,X,,,X,,,,,,,X,,,X,,,X,,X,,X,,X,X,,,,,X,,X,,X,X,,,,,,,X,,,,,X,X,X,X,,X,,X,,,,,,,,,49
Epitheca costalis,Slender Baskettail,EPICOS,,,X,,X,,,,,,X,,X,,,,,,,,,,,X,,,X,X,,,,X,X,,,,,,X,,X,,,,,,X,,,,,,,X,,,X,,,X,,,,,,,,,,,,,,,,,,,,,,,,,,,X,,,,X,X,,,,,,,,,,,,,X,,,,,,,,,,,,,,,,,X,,,,,,,,,,X,X,,,,,,,,,,,,,X,,X,,,,,,,,,,,,24
Epitheca cynosura,Common Baskettail,EPICYN,,,X,,X,,,X,,,X,,X,X,,X,,,X,,,X,X,X,X,,X,X,X,,,X,X,X,X,X,X,X,,,X,X,,X,,,X,,X,X,X,,X,X,,,X,,X,X,X,,,,X,X,X,,,,X,X,,X,,X,,X,X,,,X,X,X,X,,X,,,,X,X,X,,,,,X,X,,,X,,X,X,,X,X,,X,,,,,,,,,X,,X,X,,X,,,,,,,X,X,X,X,,,,X,X,X,,,,X,,X,,X,,,X,,X,X,,,,X,,78
Epitheca semiaquea,Mantled Baskettail,EPISEM,,,,,,,,,,,,,,,,,,,,,,,,X,X,,,,,,,X,,,,,,,,,,,,,,,,,,X,,,X,X,,,,,,,,,X,,,,,,,,,,,,,X,,,,,,,,,,,X,,,,X,,,,,,,,,,,,,,,,,,,,,,X,,,,,,,,X,,,X,,,,,,,,X,,,,X,,X,,,,,,,,,,X,,,X,,,,,,,,,18
Epitheca sepia,Sepia Baskettail,EPISEP,,,,,,,,,,,,,,,,,,,,,,,,,,,,,,,,,,,,,,,,,,,,,,,,,,,,,,,,,,,,,,,,,,,,,,,,,,,,,,,,,,,,,,,,,,,X,,,,,,,,,,,,,,,,,,,,,,,,,,,,,,,,,,,,,,,,,X,X,,,,,,,,,,,,,,,X,,,X,,,,,,,,,5
Epitheca spinosa,Robust Baskettail,EPISPI,,,,,,,,,,,,,,,,,,,,,,,,,,,,,,,,,,,,,,,,,,,,,,,,,,,,,,,,,,,,,,,,,,,,,,,,,,,,,,,,,,,,,,,,,,,,,,,,,,,,,,,,,,,,,,,,,,,,,,,,,,,,,,,,,,,,,,,,,,,,,,,,,,,,,,,,,,,,,,,,0
Epitheca stella,Florida Baskettail,EPISTE,,,,,,,,,,,,,,,,,,,,,,,,,,,,,,,,,,,,,,,,,,,,,,,,,,,,,,,,,,,,,,,,,,,,,,,,,,,,,,,,,,,,,,,,X,,,,,,,,,,,,,,,,,,,,,,,,,,,,,,,,,,,,,,,,,,,,,,,,X,,,,,,,,,,,,,,,X,,,,,,,,,3
Helocordulia selysii,Selys' Sundragon,HELSEL,,,,,,,,,,,,,,,,,,,,,,,,,,,,,,,,,,,,,,,,,,,,,,,,,,,,,,,,,,,,,,,,,,,,,,,,,,,,,,,X,,,,,X,,,,,,,,,X,,,,,,,,,X,,X,,,,,,X,,,,,,,,,,,,X,,,,,,,,,,,X,,,,,,,,,,,,,,,,,,,,,,,,,,,8
Helocordulia uhleri,Uhler's Sundragon,HELUHL,,,,,,,,X,,,,,,,,,,,,,,,,,,,X,,,,,,,,,,,,,,,,,,,,,,,,,,,,,,X,,,,,,,,,,,,,,,,,,,,,,,,,,,,,,,,,,,,,,,,,,,,,,,,X,,,,,,,,,,,,,,,,,,,,,,,,,,,,,,,,,,,,,,,,,X,,,,,,,,,,,,,,5
Neurocordulia alabamensis,Alabama Shadowdragon,NEUALA,,,,,,,,,,,,,,,,,,,,,,,,,,,,,,,,,,,,,,,,,,,,,,,,,,,,,,,,,,,,,,,,,,,,,,,,,,,,,,,,,,,,,,,,,,,,,,,,,,,,,,,,,,,,,,,,,,,,,,,,,,,,,,,,,,,,,,,,,,,,,,,,,,,,,,,,,,,,,,,,0
Neurocordulia molesta,Smoky Shadowdragon,NEUMOL,,,,,,,,X,,,,,,,,,,,,,,,,,,,,,,,,,,,,,,,,,,,,,,,,,,,,,,,,,X,,,,,,,,,,,,,,,,,,,,,,,X^,,,,,,,,,,,X,,,,,,,,,,,X,X,,,,,,,,,,,,,,,,,,,,,,X,,,,,,,,,X,,,,,,,,,,,,,,,,,X,,,,,,,,,9
Neurocordulia obsoleta,Umber Shadowdragon,NEUOBS,,,,,,,,,,,,,,,,,,,,,,,,,,,,,,,,,,,,,,,,,,,,,,,,,,,,,,,,,X,,,,,,,,,,,,,,,,,,,,,,,,,,,,,,,,,,,,,,,,,,,,,X,,X,,,,,,,,,,,,,,,X,,,,,,,,,,,,,,,,,,,X,,,,,,,,,,,,,,,,,,,,,,5
Neurocordulia virginiensis,Cinnamon Shadowdragon,NEUVIR,,,,,,,,,,,,,,,,,,,,,,,,,,,,,,,,,,,,,,,,,,,,,,,X,,X,,,,,,,,,,,,,,,,,,,,,,,X,,,,,,,,,,,,,,,,,,,,,,,,,,,,,,X,,,,,,,,,,,,,,,,,X,,,,,,,,,,,,,,,,,,,,,,,,,,,,,,,,,,,,,,,,,5
Somatochlora elongata,Ski-tipped Emerald,SOMELO,,,,,,,,,,,,,,,,,,,,,,,,,,,,,,,,,,,,,,,,,,,,,,,,,,,,,,,,,,,,,,,,,,,,,,,,,,,,,,,,,,,,,,,,,,,,,,,,,,,,,,,,,,,,,,,,,,,,,,,,,,,,,,,,,,,,,,,,,,,,,,,,,,,,,,,,,,X,,,,,,1
Somatochlora filosa,Fine-lined Emerald,SOMFIL,,,,,,,,,,,,,X,,,,,,,,,,,X,,,,,X,,,X,,,,,,,,,,,,,,,,,,,,,,,,,,,,,,,,,,,,,,,,,,,,,,,,,,,,,,,,,,,X,,,,,,,,,,,,,,,,,,,,,,,,,,,,,,,,,,,,,,,,,,,,,,,,,,,,,,,,,,,,,,,,,,,,,5
Somatochlora georgina,Coppery Emerald,SOMGEO,,,,,,,,,,,,,,,,,,,,,,,,,,,,,,,,,,,,,,,,,,,,,,,,,,,,,,,,,,,,,,,,,,,,,,,,,,,,,,,,,,,,,,,,X,,,,,,,,,,,,,,,,,,,,,,,,,,,,,,,,,,,,,,,,,,,,,,X,,,,,,,,,,,,,,,,,,,,,,,,,,2
Somatochlora linearis ,Mocha Emerald,SOMLIN,,,,,,,,,,,X,,,,,,X,,,,,,,,,,X,X,,,,X,,,,,,,,,,,,,X,,,,,,,,X,,,,X,,,,,,,,,,,,,,,,,,,X,,,X,,X,,,X,,,,X,,,X,,,,,,,,,,,,,,X,,,,,,,,,,X,,,,,,,,,,,,,,,,,,,,,,,,,,,,X,,,X,,,,,,,X,,X,,,,,20
Somatochlora provocans,Treetop Emerald,SOMPRO,,,,,,,,,,,,,,,,,,,,,,,,,,,,,,,,,,,,,,,,,,,,,,,,,,,,,,,,,,,,,,,,,,,,,,,,,,,,,,,,,,,,,,,,X,,,,,,,,,,,,,,,,,,,,,,,,,,,,,,,,,,,,,,,,,,,,,,,,,,,,,,,,,,,,,,,,,,,,,,,,1
Somatochlora tenebrosa,Clamp-tipped Emerald,SOMTEN,,,,,,,,,,,,,,,,,,,,,,,X,,,,X,,X,,,,X,,,,,,,,X,,,,,,,,X,,,,,,X,,,,,X,,,,,,,X,,,,,,,,,,,,,,,,,,,,,,,,,,,,,,,,,,,,,,X,,,,,,,,,,,,,,X,,,X,,,,,,,,,,,,,,,,,X,,,,,X,,,,,,,,,,X,,,,,,15
Brachymesia furcata,Red-tailed Pennant,BRAFUR,,,,,,,,,,,,,,,,,,,,,,,,,,,,X,,,X,,,,,,,,,,,,,,,,,,,,,,,,,,X,,,,,,,,,,,,,,,,,,,X,,,,,,,,,,,,,,,,,,,,,,,,,,,,,X,,,,,,,,,,,,,,,,,,,,,,,,,,,,,,,,,,,,,,,,,,,,,,,,,,,,,,,5
Brachymesia gravida,Four-spotted Pennant,BRAGRA,X,,,X,,,,,X,X,X,,X,X,,X,,,X,,,,,X,X,,,,,,,,,X,X,X,X,,,X,,,,,X,,,,,,,,X,X,,,X,,,,,,X,,X,,,,,,,,,,,X,X,,X,X,,,,X,,,X,X,X,,,X,,,,,,X,,X,,X,X,,,,,,,,,,X,,,,X,,,,X,,,X,X,,,,X,X,,X,,,X,,X,X,,,,,,,X,,,,,,,,,,,X,,,,48
Celithemis amanda,Amanda's Pennant,CELAMA,,,,,,,,,,,,,X,,,X,X,,,,,,,X,X,,,,,,,X,,,,,,,X,,,,,,,,,,,,,,,,,,,,,,,,X,,,,,,,,,,,,,X,X,,,,,,,,,X,X,,,,,,,,,,X,,,,,,,,,,,,,,,,,,,,,,,,X,,,,,,,,,X,,,X,,,X,,,,X,,,,,,,,,,,,,,,,,,,,18
Celithemis bertha,Red-veined Pennant,CELBER,X,,,X,X,,,,,,X,,,,,X,,,,,,,,X,,,,X,,,,,,X,,X,X,,,,,X,X,,X,,,,,,X,,,,,,X,,,,,,X,,X,,X,,,,,X,X,,X,,X,,,,,,,X,,,X,X,,,X,,,,,,,,,,,X,,,,,,,,,,X,,,,,,,X,,,,,X,,,X,,,,,X,,,,,,,X,,,,,,X,,,,,X,,,,,,,X,,,36
Celithemis elisa,Calico Pennant,CELELI,X,X,X,X,X,,,X,X,,X,X,X,,,X,,X,,X,,X,X,X,X,,X,X,X,X,,,X,X,,X,X,X,X,,X,X,X,X,,,X,X,,X,X,X,X,,X,,X,,X,,X,,,X,X,,X,X,,,X,X,,,,X,X,,X,,,,X,X,X,,X,X,,X,X,,X,,,X,X,,X,X,X,X,X,X,X,,,,X,X,X,X,X,X,X,,,,X,,X,X,,X,,,X,,,X,,,X,,X,,,X,X,,X,,X,X,X,X,X,,,,X,,X,X,,X,,X,X,96
Celithemis eponina,Halloween Pennant,CELEPO,,,,,X,,,X,X,X,X,X,,X,,X,X,X,,X,X,X,X,X,,,X,X,X,,X,,X,X,X,X,X,X,X,X,,,X,X,,,X,X,X,,X,,,X,,,X,,X,X,,,,X,,,X,,,,X,,,,,X,X,,X,X,,X,X,X,,,X,X,,X,,X,,,,X,,,X,,X,X,X,X,,X,,,X,X,X,,,X,X,,X,,,,X,X,,X,X,,,,X,X,,X,,X,X,,X,X,X,,,,,,X,,,,,X,,,X,,,,,,,79
Celithemis fasciata,Banded Pennant,CELFAS,,X,,X,X,,,X,,,X,,,,,X,X,X,,,,X,,X,,,X,X,X,,,X,X,X,,X,,X,X,,X,X,,X,,,,,X,,X,X,X,,X,,X,,X,,,X,,,,,X,X,X,X,X,,,,X,X,X,,X,X,,,X,X,,X,X,X,,,X,X,X,X,,X,X,X,X,,,X,,,X,X,,X,,,X,X,,,X,,X,,X,,X,X,,X,,,X,,,,X,,X,X,X,X,,X,X,X,,,,X,X,X,X,,,X,,,X,,,,,,,80
Celithemis ornata,Ornate Pennant,CELORN,,,,X,,,,,X,,X,,,,,,,,,X,,,,X,,,,,,,,,,,,X,,,X,,,,,,,,X,,,X,,,,X,,,,,,,,,X,,,,,,,,,,,,,,,,X,,,,,X,,,X,X,,,,X,,,,X,X,,,,,,,,,,,,,,,,X,,,,,,,,X,,,,,,,,,,,,X,X,,,,,X,X,,,,,,,,,,,,,X,,,,,,,25
Celithemis verna,Double-ringed Pennant,CELVER,,,,X,,,,,,,,,,,,,,,,,,,,,,,,,,,,,,,,,X,,,,,,,X,,,,,,,,,,X,,,X,,,,,,,,,,X,,,,,,,,,,,,X,,,,,,,,X,X,,,,,,,,,,,,,,X,,,,,,,,,,,,,,,,,,,X,,,X,,,,,,,,,X,X,,,,,,,,,,,,X,,,,,,,X,X,,,,,,17
Dythemis velox,Swift Setwing,DYTVEL,,,,,X,,,X,,,X,,,,,,,X,,,,X,X,,,,X,X,X,X,X,,X,,,,,,,X,,,,X,,,X,,X,,,,,,,,X,X,X,X,X,,,X,,,X,X,X,,,X,,,X,,,,X,,,,,X,,,,X,,,,,,,X,,,,X,,,X,,,X,X,,X,X,X,,,,X,X,,X,,,,,X,,,,X,X,,X,,,,X,,,,,,X,,X,,,,X,,X,,,,,,,X,X,,,X,,53
Erythemis simplicicollis,Eastern Pondhawk,ERYSIM,X,X,,X,X,,,X,X,X,X,X,X,X,X,X,X,X,X,,X,X,X,X,X,,X,X,X,X,X,X,X,X,X,X,X,X,X,x,X,X,X,X,X,X,X,X,X,X,X,X,X,X,,,X,X,X,X,X,,X,X,X,X,X,X,X,,X,X,X,X,X,X,X,,X,X,X,X,X,X,X,X,X,X,X,X,,X,,X,X,X,X,X,X,X,X,X,X,X,X,X,X,X,X,X,X,,X,X,X,X,X,,X,X,X,X,X,X,X,,X,X,X,X,X,X,X,X,X,X,X,X,X,X,X,X,X,,X,X,X,X,,X,X,X,X,X,X,X,X,X,X,142
Erythrodiplax berenice,Seaside Dragonlet,ERYBER,,,,,,,,,,,,,,,X,,,,,X,,,,X,X,,,,,,,,,,,,,,,,,,,,,,,,,,,,,,,,,,,,,,X,,,,,,,,,,,,,,,,,,,,,,,,,,X,,,,,,,,,X,,,,,,,,,,,,,,,,,,,,,,,,,,,,,,,,,,,,,,,,,,,,,,,,,,,,,,,,,,,,,,7
Erythrodiplax minuscula,Little Blue Dragonlet,ERYMIN,X,X,X,X,X,,,,X,X,X,,X,X,X,X,X,,,X,X,X,,X,X,,X,X,X,,,X,,X,,,X,,X,,,X,X,X,,,X,,X,X,X,,X,,,,X,,,,,,X,,X,,X,,,,,,,,,X,X,,X,X,X,X,X,X,,X,X,X,,,X,X,,,,X,X,X,,,X,X,X,,,X,,,,,X,,,X,,,,,X,,X,X,X,X,X,,X,X,X,,,X,X,X,X,,X,X,,X,,,X,,,X,,X,,,X,,X,,,X,,X,X,83
Ladona deplanata,Blue Corporal,LADDEP,,,,X,X,,,X,,X,X,X,X,X,,X,X,X,,,X,,X,X,,,X,X,X,,,X,X,,X,X,X,,X,,X,X,X,X,,,X,,X,,X,,X,X,X,,X,,X,X,,,,X,,,X,X,,X,,X,,X,,X,,,X,,,X,X,X,X,,X,,X,,X,X,X,,,,,X,X,,X,X,X,X,X,,,,,X,,,,X,,X,,,X,,X,X,,X,,,,X,,X,,X,X,X,X,,,X,X,X,,,,,,X,X,X,,,X,,X,X,,,,X,,83
Libellula auripennis,Golden-winged Skimmer,LIBAUR,X,X,X,,X,,,X,,X,X,,,,X,X,X,,,,,,,X,X,,,X,X,,,X,X,,,,,,X,,,X,X,X,X,X,X,,X,X,,,X,X,X,,X,,,,,,X,,X,,X,,,,,,,,,X,X,,X,X,X,X,,X,,X,X,X,,,X,X,,,,X,X,X,,X,X,,,,X,,,,,,X,,,,,,,,,X,X,X,X,X,X,,,,X,,,X,X,X,X,,X,,,X,,,X,,,X,,X,,,X,,,,,,,,,68
Libellula axilena,Bar-winged Skimmer,LIBAXI,X,X,,,,,,,,,X,,X,,,,X,,,X,,,,X,X,X,X,X,X,,,X,X,,,,,,,,,,,X,,,,,X,X,X,,,,,,X,,,,,,X,,,,X,,,,,X,,,,,,,,,,X,X,,,X,X,X,,,X,X,,,,,,X,X,X,,,,,,,,,,,,,,,,,,,,,,X,,X,,,,,,X,,X,,,X,X,,,,X,,,,,,X,,X,,,X,,X,,,,,,,43
Libellula cyanea,Spangled Skimmer,LIBCYA,,,,,X,X,,X,,,X,,,,,,X,,,,,X,X,,,,X,X,X,X,,,X,,,X,,X,X,,X,X,,,,,,,X,,,X,,,X,,X,,X,X,X,,,X,,X,X,X,,,X,X,,,X,X,,,X,,,,,X,X,,,X,,,,,X,,,X,X,,X,,,X,,X,X,X,,,X,X,,X,,X,X,,X,,X,,X,X,X,,,X,X,,,X,X,,X,,,,,,X,,,,,X,,X,X,,,X,,,,X,,,,,,65
Libellula flavida,Yellow-sided Skimmer,LIBFLA,,,,,,,,X,,,X,,,,X,,X,,,,,X,X,,,,X,X,X,,,,X,,,,,,X,,,,X,X,,,,,X,,,,X,,X,,X,,,X,,,,X,,,X,X,,,,,,,,,,,,,,,,,,,,,,,,,,X,,X,X,,,,,X,,X,X,,,,X,,,,,X,,,,,X,,X,X,X,,,,,,X,X,,,X,,,,,,,X,,,X,X,,,,,,,,,,X,,,,,,40
Libellula incesta,Slaty Skimmer,LIBINC,X,,,X,X,,,X,X,X,X,,,X,X,X,X,X,X,,X,,X,X,X,,X,X,X,X,X,X,X,X,X,X,X,X,X,X,X,,X,X,,X,X,X,X,X,X,X,X,,X,X,X,X,X,,X,,X,X,X,X,X,X,X,,,X,X,,X,X,X,,X,X,,X,X,X,,X,X,X,X,X,,X,X,X,X,X,X,X,X,X,X,X,X,X,X,X,,X,X,X,,X,X,X,X,,X,,X,X,X,X,X,X,X,X,,,X,X,X,,X,X,X,X,X,X,X,X,X,,X,,X,X,X,X,,X,X,X,X,X,X,X,X,X,,127
Libellula luctuosa,Widow Skimmer,LIBLUC,,,,,X,,,X,,,X,,,,,,X,X,,,,,X,,,,X,X,X,,X,,X,,,X,,X,,,X,X,,X,,,X,X,,,,X,,,X,,X,X,X,X,X,X,,X,,X,X,X,X,,,X,X,,X,X,,,X,,,X,,X,,,X,X,,X,,,X,,X,,X,,X,,,X,,X,X,X,X,X,X,X,,X,,X,X,,X,,X,,X,X,,,,,X,,X,X,X,,,,X,,,,X,,X,,,X,X,X,X,,,,,,,X,X,,X,,,74
Libellula needhami,Needham's Skimmer,LIBNEE,,,,,,,,,,,,,,,,,,,,X,,,,,X,,,,,,,,,X,,,,,,,,,X,,,,,,,,,,,,,,,,,,,,X,,,,,,,,,,,,,,,,,,,,,,,,,,X,,X,,,,,,,X,,,,,,,,,,,,,,,,,,,,,,,X,,,,,,,,,,,,,,,,,,,,,,,,,,,X,,,,,,,,,,,,10
Libellula pulchella,Twelve-spotted Skimmer,LIBPUL,,,,X,X,,,,,,X,,,,,,,,,,,X,,,X,,X,X,X,,,,X,,,,,,X,,X,,,X,,,,X,X,,,,,,X,,X,,,,,,,,,,X,,,,,,,,,,,,,,,,,X,X,,X,X,,,,,,,,,X,,,,,,,,X,,,,,,X,,,,,,,,X,,X,X,,,,,,,,,,,X,,,,,,X,,,,X,,,X,X,,,,,,,,,,,,,32
Libellula semifasciata,Painted Skimmer,LIBSEM,X,,,,X,,,,,,X,,X,,X,,,,X,,,X,X,X,X,,X,X,X,,,X,X,X,,X,,,,,,,,X,,,X,,X,X,,,X,X,,,X,,,,,,X,X,,,,X,,,,,,,,,,,,,,,X,,,,X,X,,,X,,,,,X,,,,,,,,X,X,,,,,,,,X,X,,,,,X,,X,X,X,X,,,,,,X,,X,X,X,,,,X,,,,,,X,,X,,X,,,X,,,X,,,,,,51
Libellula vibrans,Great Blue Skimmer,LIBVIB,,,,,X,,,,,,X,,,X,X,X,X,X,X,X,X,X,X,X,X,,,X,X,,,X,,,X,X,,,,X,,,X,X,,X,X,,X,X,X,,X,X,X,,X,X,,X,,,X,X,,,X,,,,,X,,,X,X,X,X,X,X,X,X,X,X,,X,X,X,X,,X,X,,X,X,,,X,,X,,X,X,,X,,,,X,X,X,,,X,,,,,,,X,X,,X,X,,,X,X,,X,X,,,,X,,,X,,,X,X,,,X,,X,,,X,,,X,X,X,X,,,83
Macrodiplax balteata,Marl Pennant,MACBAL,,,,,,,,,,,,,,,,,,,,X,,,,X,,,,,,,,,,,,,,,,,,,,,,,,,X,,,,,,,,,,,,,,X,,,,,,,,,,,,,,,,,,,,,,,,,,,,,,,,,,,,,,,,,,,,,,,,,,,,,,,,,,,,,,,,,,,,,,,,,,,,,,,,,,,,,,,,,,,,,,,,,4
Miathyria marcella,Hyacinth Glider,MIAMAR,,,,,,,,,,,,,,,,,,,,X,,,,,X,,,,,,,,,,,,,,,X,,,X,,,,,,X,,,,,,,,,,,,,,,,,,,,,,,,,,,,,,,,,,,,,X,X,,,,,X,,,,,,,,,,,,,,X,,,,,,,,,,,,,,,,,,,X,,,X,X,,,,,,,,,,,,,,,,,,,,,,,,,,,,,,,12
Nannothemis bella,Elfin Skimmer,NANBEL,,,,,,,,,,,,,,,,X,,,,,,,,,,,,,,,,,,,,X,,,,,,,,,,,,,,,,,,,,,,,,,,,,,,,,,,,,,,,,,,,,,,,,,,,,,,,,,,,,X,,,,,,,,,,,,,,,,,,,,,,,,,X,,X,,,,,,,X,,,X,,,,,,,,,,,,,,,,,,,,,,,,,,,7
Orthemis ferruginea,Roseate Skimmer,ORTFER,X,X,,X,,,,,,X,X,X,,X,X,X,X,,,X,,,,X,X,,,X,X,,X,,X,,X,,,X,,X,,,X,,,,X,,X,X,,,,,,,X,X,,,,,X,X,,,X,,,,,,,,,X,,,,X,,,,,,,X,X,,,,X,,,,,,X,X,X,,X,X,,,X,,X,,,X,,,,,,,,,,X,X,,X,X,,,X,X,,,X,,,X,X,X,,,X,,,,,,,,X,,,,,,,,X,,,X,56
Pachydiplax longipennis,Blue Dasher,PACLON,X,X,,X,X,,,X,X,X,X,X,X,X,X,X,X,X,X,X,X,,X,X,X,X,X,X,X,X,X,X,X,X,X,X,X,X,X,x,X,X,X,X,X,X,X,X,X,X,X,X,X,X,X,,X,X,X,X,X,,X,X,X,X,X,X,X,,X,X,X,X,X,X,X,,X,X,,X,X,X,X,X,X,X,X,,X,X,X,X,X,X,X,X,X,X,X,X,X,X,X,X,X,X,X,X,X,X,X,X,X,,X,,X,,X,X,,X,X,,X,X,X,X,,X,X,X,X,X,X,X,X,X,X,X,X,,X,X,X,X,,X,X,,X,X,X,X,X,X,X,140
Pantala flavescens,Wandering Glider,PANFLA,,,,,X,,,,,,X,,,,,X,X,,,,,X,X,X,X,X,,X,X,,X,X,X,X,X,,,,,,X,,,X,X,,X,,X,,,,,,,,X,,,X,,,X,,,,X,,,,,,,,,X,,,X,,,,,X,,X,,X,,,X,,,X,,,X,,,X,,,X,,X,X,,,,,X,,,X,,,,,,,X,X,,X,,,,X,X,,,X,X,,,X,,,X,,,,,X,,X,,,,,,,,,,X,,,,51
Pantala hymenaea,Spot-winged Glider,PANHYM,,,,,,,,,,,,,,,,X,X,,,,,,X,,,,X,X,X,,,,X,,,,,,,,,,,X,,,,,X,,,,,,,,X,,,X,,,,,,,X,,,,,,,,,,X,,,,,,,,,,,X,,,,,,,X,,X,,,,,,,,,X,,,,,,,,X,,,,,,,X,X,,,,,,,,,,,X,,,,,,X,,,,,X,,X,,,,,,,,,,,,,,24
Perithemis tenera,Eastern Amberwing,PERTEN,X,,,X,X,,,X,X,X,X,X,X,X,,X,X,X,,,X,X,X,,X,,X,X,X,,X,X,X,,X,,X,X,X,X,X,X,X,X,X,,X,X,X,X,X,X,X,,,X,X,X,X,X,X,,X,X,X,,X,X,X,X,,X,X,,X,X,X,,X,X,,X,X,X,X,,X,X,X,X,X,X,X,,,,X,X,X,X,,X,X,X,X,X,,X,X,X,X,X,X,X,X,,X,,X,,X,X,,X,X,,X,,X,X,X,X,,X,X,X,X,X,X,X,X,,X,,X,X,X,X,,X,X,,X,,X,X,X,,,118
Plathemis lydia,Common Whitetail,PLALYD,X,,,X,X,X,,X,,X,X,,,,,X,X,X,X,X,X,X,X,X,X,,X,X,X,X,X,X,X,,X,X,X,X,X,x,X,X,X,X,,X,X,,X,X,X,X,X,,X,X,X,X,X,X,X,,X,X,X,X,X,X,X,,X,X,,X,,X,,,X,X,X,X,X,X,X,X,X,X,X,X,X,X,X,X,X,,X,X,X,X,X,X,X,X,X,X,X,X,X,X,X,X,X,X,X,X,X,,X,,X,X,X,X,X,,X,X,X,X,X,X,X,X,X,X,X,X,X,X,X,,X,X,X,X,X,,,X,,,,X,X,X,X,,X,129
Sympetrum ambiguum,Blue-faced Meadowhawk,SYMAMB,,,,,X,,X,X,,,X,,,,,,X,,,,,X,,,,,X,X,X,,,,X,,,,,,,,,,,X,,,X,,X,,,,,,,,X,X,X,X,,,,X,,,X,,,,,X,,,,,,,,,,,,X,,,X,X,,,,X,,,,,,,X,,,X,,,X,,,,,X,,,,,,,,,,,X,X,,,,,,,,,,,,,,,,X,X,,,,X,,,,,,,,,,X,,X,,,,,35
Sympetrum corruptum,Variegated Meadowhawk,SYMCOR,,,,,,,,,,,,,,,,,,,,,,,,,,,,X,X,,,,X,,,,,,,,,,,,,,X,,,,,,,,,,X,,,,,,X,,,,X,,,,,,,,,,,,,,,,,,,,,,,,,,,,,,,X,,,,,,,X,,,,,,,,,,X,,,,,,,X,,,,,,X,,,,,X,,,,,,,,,,,,,,,,,,,,X,,,,,,,14
Sympetrum rubicundulum,Ruby Meadowhawk,SYMRUB,,,,,,,,,,,,,,,,,,,,,,,,,,,X,,,,,,,,,,,,,,X,,,,,,,,,,,,,,,,,,,,,,,,,,,,,,,,,,,,,,,,,,,,,,,,,,,,,,,,,,,,,,,,,,,,,,,,,,,,,,X,,,,,,,,,,,,,,,,,,,,X,,,,,X,,X,,,,,,,,X,,,,,,7
Sympetrum semicinctum,Band-winged Meadowhawk,SYMSEM,,,,,,,,,,,,,,,,,,,,,,,,,,,,X,,,,,,,,,,,,,X,,,,,,,,,,,,,,X,,X,X,,,,,,,,,X,,,,,,,,,,,,,,,,,,,,,,,,,,,,,,,,,,,,,,,,,,,,,,,,,,,,,,,,,,,,,,,,,,,,,,,,X,,,,,,,X,,,,,,,,,,,,,,8
Sympetrum vicinum,Autumn Meadowhawk,SYMVIC,,,,,X,,,,,,X,,,,,,X,,,,,X,X,,,,X,X,X,,,,X,,,,,,,,X,X,,X,,,,,,,,,,,X,,X,X,,,X,,,,,X,X,,,,,,,X,,,,,X,,,,,X,,,,,,,,,X,,,,,,,,,,,,X,,,X,,X,,,,,,,,,X,,,X,,,,,,,,,,X,X,,,,,,X,,X,,,X,,X,,,,X,,,,X,,,,,,35
Tramea carolina,Carolina Saddlebags,TRACAR,X,X,,X,X,,,X,,X,X,X,X,,X,X,X,,X,,X,,X,X,X,,X,X,X,,,X,,X,,,X,,X,X,X,,X,X,,,X,,X,,X,,X,,X,,X,X,,X,,,X,,,,X,,,X,,X,,,,X,X,,X,X,,,X,X,,X,X,X,X,,X,X,,,,,,X,X,,X,X,,X,X,,X,,X,,,,X,X,X,,X,,X,,X,X,,X,X,,,,X,X,,X,X,X,X,,X,X,,X,,,X,,,X,,X,,,X,,X,X,X,,,,,85
Tramea lacerata,Black Saddlebags,TRALAC,,,,X,X,,,,,X,X,,,,,X,,,,,,X,X,,,,X,X,X,,,,X,X,X,X,,,X,X,X,,X,X,,,X,,X,,,,,,,,X,,X,,,,X,,,X,X,,,,,,,,,X,,,X,,,,,X,X,,X,X,,,,,X,X,,,X,X,,X,,X,,X,X,,X,,,X,X,,,X,X,,X,,X,,X,X,,X,X,,,,X,,,,,,,X,X,,X,,,,,,,X,,,,,,,,,,,,,,56
Tramea onusta,Red Saddlebags,TRAONU,,,,,,,,,,,,,,,,,,,,,,,,X,,,,,,,,,,,,,,,,,,,,,,,,,,,,,,,,,,,,,,,,,,,,,,,,,,,,,,,,,,,,,,,,,,,,,,,,,,,,,,,,,,,,,,,,,,,,,,,,,,,,,,,,,,,,,,,X,,,,,,,,,,,,,,,,,,,,,,,,,2
,,,28,21,10,31,51,4,1,53,18,27,85,14,39,22,26,47,67,24,18,21,24,39,60,65,39,8,68,80,81,13,19,38,53,37,22,38,28,32,40,18,57,32,49,51,10,18,42,13,74,30,43,14,45,28,51,12,110,21,30,38,44,3,40,40,23,21,73,41,17,11,28,48,7,20,10,49,21,12,61,25,21,27,27,64,17,25,60,63,20,13,57,47,31,14,22,20,44,29,48,16,17,69,29,39,84,28,19,19,34,41,24,25,21,38,35,6,26,3,81,8,81,97,17,46,23,4,22,20,33,47,21,63,61,45,32,29,25,40,61,34,15,6,35,40,35,70,22,30,6,18,46,4,35,51,37,19,19,23,11,
